,Index,Time_since_1900,Time_Str
0,62,1001534,2014-04-03-14h
1,63,1001535,2014-04-03-15h
2,64,1001536,2014-04-03-16h
3,65,1001537,2014-04-03-17h
4,66,1001538,2014-04-03-18h
5,67,1001539,2014-04-03-19h
6,68,1001540,2014-04-03-20h
7,69,1001541,2014-04-03-21h
8,70,1001542,2014-04-03-22h
9,71,1001543,2014-04-03-23h
10,72,1001544,2014-04-04-00h
11,73,1001545,2014-04-04-01h
12,74,1001546,2014-04-04-02h
13,75,1001547,2014-04-04-03h
14,76,1001548,2014-04-04-04h
15,77,1001549,2014-04-04-05h
16,78,1001550,2014-04-04-06h
17,79,1001551,2014-04-04-07h
18,80,1001552,2014-04-04-08h
19,81,1001553,2014-04-04-09h
20,82,1001554,2014-04-04-10h
21,83,1001555,2014-04-04-11h
22,116,1001588,2014-04-05-20h
23,117,1001589,2014-04-05-21h
24,118,1001590,2014-04-05-22h
25,119,1001591,2014-04-05-23h
26,120,1001592,2014-04-06-00h
27,121,1001593,2014-04-06-01h
28,122,1001594,2014-04-06-02h
29,123,1001595,2014-04-06-03h
30,124,1001596,2014-04-06-04h
31,125,1001597,2014-04-06-05h
32,126,1001598,2014-04-06-06h
33,127,1001599,2014-04-06-07h
34,128,1001600,2014-04-06-08h
35,129,1001601,2014-04-06-09h
36,130,1001602,2014-04-06-10h
37,131,1001603,2014-04-06-11h
38,132,1001604,2014-04-06-12h
39,133,1001605,2014-04-06-13h
40,134,1001606,2014-04-06-14h
41,135,1001607,2014-04-06-15h
42,136,1001608,2014-04-06-16h
43,137,1001609,2014-04-06-17h
44,215,1001687,2014-04-09-23h
45,301,1001773,2014-04-13-13h
46,302,1001774,2014-04-13-14h
47,303,1001775,2014-04-13-15h
48,304,1001776,2014-04-13-16h
49,305,1001777,2014-04-13-17h
50,306,1001778,2014-04-13-18h
51,307,1001779,2014-04-13-19h
52,308,1001780,2014-04-13-20h
53,309,1001781,2014-04-13-21h
54,310,1001782,2014-04-13-22h
55,311,1001783,2014-04-13-23h
56,312,1001784,2014-04-14-00h
57,313,1001785,2014-04-14-01h
58,314,1001786,2014-04-14-02h
59,315,1001787,2014-04-14-03h
60,316,1001788,2014-04-14-04h
61,317,1001789,2014-04-14-05h
62,318,1001790,2014-04-14-06h
63,319,1001791,2014-04-14-07h
64,320,1001792,2014-04-14-08h
65,321,1001793,2014-04-14-09h
66,322,1001794,2014-04-14-10h
67,323,1001795,2014-04-14-11h
68,324,1001796,2014-04-14-12h
69,325,1001797,2014-04-14-13h
70,326,1001798,2014-04-14-14h
71,327,1001799,2014-04-14-15h
72,328,1001800,2014-04-14-16h
73,329,1001801,2014-04-14-17h
74,330,1001802,2014-04-14-18h
75,331,1001803,2014-04-14-19h
76,332,1001804,2014-04-14-20h
77,333,1001805,2014-04-14-21h
78,334,1001806,2014-04-14-22h
79,335,1001807,2014-04-14-23h
80,336,1001808,2014-04-15-00h
81,337,1001809,2014-04-15-01h
82,338,1001810,2014-04-15-02h
83,339,1001811,2014-04-15-03h
84,340,1001812,2014-04-15-04h
85,341,1001813,2014-04-15-05h
86,342,1001814,2014-04-15-06h
87,343,1001815,2014-04-15-07h
88,512,1001984,2014-04-22-08h
89,513,1001985,2014-04-22-09h
90,514,1001986,2014-04-22-10h
91,515,1001987,2014-04-22-11h
92,516,1001988,2014-04-22-12h
93,517,1001989,2014-04-22-13h
94,518,1001990,2014-04-22-14h
95,519,1001991,2014-04-22-15h
96,520,1001992,2014-04-22-16h
97,521,1001993,2014-04-22-17h
98,522,1001994,2014-04-22-18h
99,523,1001995,2014-04-22-19h
100,524,1001996,2014-04-22-20h
101,525,1001997,2014-04-22-21h
102,526,1001998,2014-04-22-22h
103,527,1001999,2014-04-22-23h
104,528,1002000,2014-04-23-00h
105,529,1002001,2014-04-23-01h
106,530,1002002,2014-04-23-02h
107,531,1002003,2014-04-23-03h
108,639,1002111,2014-04-27-15h
109,640,1002112,2014-04-27-16h
110,641,1002113,2014-04-27-17h
111,642,1002114,2014-04-27-18h
112,643,1002115,2014-04-27-19h
113,644,1002116,2014-04-27-20h
114,645,1002117,2014-04-27-21h
115,646,1002118,2014-04-27-22h
116,647,1002119,2014-04-27-23h
117,648,1002120,2014-04-28-00h
118,649,1002121,2014-04-28-01h
119,650,1002122,2014-04-28-02h
120,651,1002123,2014-04-28-03h
121,652,1002124,2014-04-28-04h
122,653,1002125,2014-04-28-05h
123,654,1002126,2014-04-28-06h
124,669,1002141,2014-04-28-21h
125,670,1002142,2014-04-28-22h
126,671,1002143,2014-04-28-23h
127,672,1002144,2014-04-29-00h
128,673,1002145,2014-04-29-01h
129,674,1002146,2014-04-29-02h
130,675,1002147,2014-04-29-03h
131,766,1002238,2014-05-02-22h
132,767,1002239,2014-05-02-23h
133,768,1002240,2014-05-03-00h
134,769,1002241,2014-05-03-01h
135,770,1002242,2014-05-03-02h
136,771,1002243,2014-05-03-03h
137,772,1002244,2014-05-03-04h
138,774,1002246,2014-05-03-06h
139,775,1002247,2014-05-03-07h
140,776,1002248,2014-05-03-08h
141,777,1002249,2014-05-03-09h
142,779,1002251,2014-05-03-11h
143,780,1002252,2014-05-03-12h
144,781,1002253,2014-05-03-13h
145,805,1002277,2014-05-04-13h
146,806,1002278,2014-05-04-14h
147,807,1002279,2014-05-04-15h
148,808,1002280,2014-05-04-16h
149,809,1002281,2014-05-04-17h
150,810,1002282,2014-05-04-18h
151,811,1002283,2014-05-04-19h
152,812,1002284,2014-05-04-20h
153,813,1002285,2014-05-04-21h
154,814,1002286,2014-05-04-22h
155,815,1002287,2014-05-04-23h
156,816,1002288,2014-05-05-00h
157,817,1002289,2014-05-05-01h
158,818,1002290,2014-05-05-02h
159,819,1002291,2014-05-05-03h
160,820,1002292,2014-05-05-04h
161,821,1002293,2014-05-05-05h
162,822,1002294,2014-05-05-06h
163,823,1002295,2014-05-05-07h
164,824,1002296,2014-05-05-08h
165,825,1002297,2014-05-05-09h
166,826,1002298,2014-05-05-10h
167,827,1002299,2014-05-05-11h
168,828,1002300,2014-05-05-12h
169,829,1002301,2014-05-05-13h
170,830,1002302,2014-05-05-14h
171,831,1002303,2014-05-05-15h
172,832,1002304,2014-05-05-16h
173,833,1002305,2014-05-05-17h
174,834,1002306,2014-05-05-18h
175,835,1002307,2014-05-05-19h
176,836,1002308,2014-05-05-20h
177,837,1002309,2014-05-05-21h
178,838,1002310,2014-05-05-22h
179,839,1002311,2014-05-05-23h
180,840,1002312,2014-05-06-00h
181,841,1002313,2014-05-06-01h
182,842,1002314,2014-05-06-02h
183,843,1002315,2014-05-06-03h
184,844,1002316,2014-05-06-04h
185,845,1002317,2014-05-06-05h
186,846,1002318,2014-05-06-06h
187,847,1002319,2014-05-06-07h
188,848,1002320,2014-05-06-08h
189,849,1002321,2014-05-06-09h
190,850,1002322,2014-05-06-10h
191,851,1002323,2014-05-06-11h
192,852,1002324,2014-05-06-12h
228,3061,1010365,2015-04-06-13h
229,3062,1010366,2015-04-06-14h
230,3063,1010367,2015-04-06-15h
231,3064,1010368,2015-04-06-16h
232,3065,1010369,2015-04-06-17h
233,3066,1010370,2015-04-06-18h
234,3067,1010371,2015-04-06-19h
235,3068,1010372,2015-04-06-20h
236,3069,1010373,2015-04-06-21h
237,3070,1010374,2015-04-06-22h
238,3071,1010375,2015-04-06-23h
239,3072,1010376,2015-04-07-00h
240,3073,1010377,2015-04-07-01h
241,3074,1010378,2015-04-07-02h
242,3075,1010379,2015-04-07-03h
243,3076,1010380,2015-04-07-04h
244,3077,1010381,2015-04-07-05h
245,3078,1010382,2015-04-07-06h
246,3079,1010383,2015-04-07-07h
247,3080,1010384,2015-04-07-08h
248,3081,1010385,2015-04-07-09h
249,3082,1010386,2015-04-07-10h
250,3083,1010387,2015-04-07-11h
251,3084,1010388,2015-04-07-12h
252,3085,1010389,2015-04-07-13h
253,3086,1010390,2015-04-07-14h
254,3087,1010391,2015-04-07-15h
255,3088,1010392,2015-04-07-16h
256,3089,1010393,2015-04-07-17h
257,3090,1010394,2015-04-07-18h
258,3091,1010395,2015-04-07-19h
259,3092,1010396,2015-04-07-20h
260,3093,1010397,2015-04-07-21h
261,3094,1010398,2015-04-07-22h
262,3095,1010399,2015-04-07-23h
263,3096,1010400,2015-04-08-00h
264,3097,1010401,2015-04-08-01h
265,3098,1010402,2015-04-08-02h
266,3099,1010403,2015-04-08-03h
267,3100,1010404,2015-04-08-04h
268,3101,1010405,2015-04-08-05h
269,3102,1010406,2015-04-08-06h
270,3103,1010407,2015-04-08-07h
271,3104,1010408,2015-04-08-08h
272,3105,1010409,2015-04-08-09h
273,3106,1010410,2015-04-08-10h
274,3107,1010411,2015-04-08-11h
275,3108,1010412,2015-04-08-12h
276,3109,1010413,2015-04-08-13h
277,3110,1010414,2015-04-08-14h
278,3111,1010415,2015-04-08-15h
279,3112,1010416,2015-04-08-16h
280,3113,1010417,2015-04-08-17h
281,3114,1010418,2015-04-08-18h
282,3115,1010419,2015-04-08-19h
283,3116,1010420,2015-04-08-20h
284,3117,1010421,2015-04-08-21h
285,3123,1010427,2015-04-09-03h
286,3124,1010428,2015-04-09-04h
287,3128,1010432,2015-04-09-08h
288,3129,1010433,2015-04-09-09h
289,3131,1010435,2015-04-09-11h
290,3132,1010436,2015-04-09-12h
291,3139,1010443,2015-04-09-19h
292,3140,1010444,2015-04-09-20h
293,3143,1010447,2015-04-09-23h
294,3146,1010450,2015-04-10-02h
295,3147,1010451,2015-04-10-03h
296,3148,1010452,2015-04-10-04h
297,3149,1010453,2015-04-10-05h
298,3150,1010454,2015-04-10-06h
299,3151,1010455,2015-04-10-07h
300,3152,1010456,2015-04-10-08h
301,3153,1010457,2015-04-10-09h
302,3154,1010458,2015-04-10-10h
303,3155,1010459,2015-04-10-11h
304,3156,1010460,2015-04-10-12h
305,3157,1010461,2015-04-10-13h
306,3158,1010462,2015-04-10-14h
307,3159,1010463,2015-04-10-15h
308,3160,1010464,2015-04-10-16h
309,3161,1010465,2015-04-10-17h
310,3162,1010466,2015-04-10-18h
311,3163,1010467,2015-04-10-19h
312,3164,1010468,2015-04-10-20h
313,3165,1010469,2015-04-10-21h
314,3166,1010470,2015-04-10-22h
315,3167,1010471,2015-04-10-23h
316,3168,1010472,2015-04-11-00h
317,3169,1010473,2015-04-11-01h
318,3170,1010474,2015-04-11-02h
319,3171,1010475,2015-04-11-03h
320,3172,1010476,2015-04-11-04h
321,3173,1010477,2015-04-11-05h
322,3174,1010478,2015-04-11-06h
323,3175,1010479,2015-04-11-07h
324,3176,1010480,2015-04-11-08h
325,3177,1010481,2015-04-11-09h
326,3178,1010482,2015-04-11-10h
327,3179,1010483,2015-04-11-11h
328,3180,1010484,2015-04-11-12h
329,3181,1010485,2015-04-11-13h
330,3182,1010486,2015-04-11-14h
331,3183,1010487,2015-04-11-15h
332,3184,1010488,2015-04-11-16h
333,3185,1010489,2015-04-11-17h
334,3208,1010512,2015-04-12-16h
335,3209,1010513,2015-04-12-17h
336,3210,1010514,2015-04-12-18h
337,3211,1010515,2015-04-12-19h
338,3212,1010516,2015-04-12-20h
339,3213,1010517,2015-04-12-21h
340,3214,1010518,2015-04-12-22h
341,3215,1010519,2015-04-12-23h
342,3216,1010520,2015-04-13-00h
343,3217,1010521,2015-04-13-01h
344,3218,1010522,2015-04-13-02h
345,3219,1010523,2015-04-13-03h
346,3220,1010524,2015-04-13-04h
347,3221,1010525,2015-04-13-05h
348,3222,1010526,2015-04-13-06h
349,3396,1010700,2015-04-20-12h
350,3397,1010701,2015-04-20-13h
351,3398,1010702,2015-04-20-14h
352,3399,1010703,2015-04-20-15h
353,3400,1010704,2015-04-20-16h
354,3401,1010705,2015-04-20-17h
355,3402,1010706,2015-04-20-18h
356,3403,1010707,2015-04-20-19h
357,3404,1010708,2015-04-20-20h
358,3405,1010709,2015-04-20-21h
359,3406,1010710,2015-04-20-22h
360,3407,1010711,2015-04-20-23h
361,3408,1010712,2015-04-21-00h
362,3409,1010713,2015-04-21-01h
363,3410,1010714,2015-04-21-02h
364,3411,1010715,2015-04-21-03h
365,3415,1010719,2015-04-21-07h
366,3416,1010720,2015-04-21-08h
367,3417,1010721,2015-04-21-09h
368,3423,1010727,2015-04-21-15h
369,3424,1010728,2015-04-21-16h
370,3425,1010729,2015-04-21-17h
371,3426,1010730,2015-04-21-18h
372,3427,1010731,2015-04-21-19h
373,3428,1010732,2015-04-21-20h
374,3429,1010733,2015-04-21-21h
375,3430,1010734,2015-04-21-22h
376,3431,1010735,2015-04-21-23h
377,3432,1010736,2015-04-22-00h
378,3433,1010737,2015-04-22-01h
379,3434,1010738,2015-04-22-02h
380,3435,1010739,2015-04-22-03h
381,3436,1010740,2015-04-22-04h
382,3437,1010741,2015-04-22-05h
383,3438,1010742,2015-04-22-06h
384,3439,1010743,2015-04-22-07h
385,3440,1010744,2015-04-22-08h
386,3441,1010745,2015-04-22-09h
387,3442,1010746,2015-04-22-10h
388,3443,1010747,2015-04-22-11h
389,3444,1010748,2015-04-22-12h
390,3445,1010749,2015-04-22-13h
391,3446,1010750,2015-04-22-14h
392,3447,1010751,2015-04-22-15h
393,3448,1010752,2015-04-22-16h
394,3449,1010753,2015-04-22-17h
395,3450,1010754,2015-04-22-18h
396,3451,1010755,2015-04-22-19h
397,3452,1010756,2015-04-22-20h
398,3453,1010757,2015-04-22-21h
399,3454,1010758,2015-04-22-22h
400,3455,1010759,2015-04-22-23h
401,3495,1010799,2015-04-24-15h
402,3496,1010800,2015-04-24-16h
403,3497,1010801,2015-04-24-17h
404,3498,1010802,2015-04-24-18h
405,3499,1010803,2015-04-24-19h
406,3500,1010804,2015-04-24-20h
407,3501,1010805,2015-04-24-21h
408,3502,1010806,2015-04-24-22h
409,3503,1010807,2015-04-24-23h
410,3504,1010808,2015-04-25-00h
411,3505,1010809,2015-04-25-01h
412,3506,1010810,2015-04-25-02h
413,3507,1010811,2015-04-25-03h
414,3508,1010812,2015-04-25-04h
415,3509,1010813,2015-04-25-05h
416,3510,1010814,2015-04-25-06h
417,3511,1010815,2015-04-25-07h
418,3512,1010816,2015-04-25-08h
419,3513,1010817,2015-04-25-09h
420,3514,1010818,2015-04-25-10h
421,3515,1010819,2015-04-25-11h
422,3516,1010820,2015-04-25-12h
423,3517,1010821,2015-04-25-13h
424,3518,1010822,2015-04-25-14h
425,3519,1010823,2015-04-25-15h
426,3520,1010824,2015-04-25-16h
427,3521,1010825,2015-04-25-17h
428,3522,1010826,2015-04-25-18h
429,3523,1010827,2015-04-25-19h
430,3524,1010828,2015-04-25-20h
431,3525,1010829,2015-04-25-21h
432,3526,1010830,2015-04-25-22h
433,3527,1010831,2015-04-25-23h
434,3528,1010832,2015-04-26-00h
435,3529,1010833,2015-04-26-01h
436,3727,1011031,2015-05-04-07h
437,3728,1011032,2015-05-04-08h
438,3729,1011033,2015-05-04-09h
439,3730,1011034,2015-05-04-10h
440,3731,1011035,2015-05-04-11h
441,3732,1011036,2015-05-04-12h
442,3733,1011037,2015-05-04-13h
443,3734,1011038,2015-05-04-14h
444,3735,1011039,2015-05-04-15h
445,3736,1011040,2015-05-04-16h
446,3737,1011041,2015-05-04-17h
447,3738,1011042,2015-05-04-18h
448,3739,1011043,2015-05-04-19h
449,3740,1011044,2015-05-04-20h
450,3741,1011045,2015-05-04-21h
451,4112,1011416,2015-05-20-08h
452,4113,1011417,2015-05-20-09h
453,4116,1011420,2015-05-20-12h
454,4117,1011421,2015-05-20-13h
455,4118,1011422,2015-05-20-14h
456,4119,1011423,2015-05-20-15h
457,4120,1011424,2015-05-20-16h
458,4121,1011425,2015-05-20-17h
459,4122,1011426,2015-05-20-18h
460,4123,1011427,2015-05-20-19h
461,4124,1011428,2015-05-20-20h
462,4125,1011429,2015-05-20-21h
463,4126,1011430,2015-05-20-22h
464,4127,1011431,2015-05-20-23h
465,4128,1011432,2015-05-21-00h
466,4129,1011433,2015-05-21-01h
467,4130,1011434,2015-05-21-02h
468,4131,1011435,2015-05-21-03h
469,4132,1011436,2015-05-21-04h
470,4133,1011437,2015-05-21-05h
471,4134,1011438,2015-05-21-06h
472,4135,1011439,2015-05-21-07h
473,4136,1011440,2015-05-21-08h
474,4140,1011444,2015-05-21-12h
475,4141,1011445,2015-05-21-13h
476,6094,1019254,2016-04-10-22h
477,6095,1019255,2016-04-10-23h
478,6096,1019256,2016-04-11-00h
479,6097,1019257,2016-04-11-01h
480,6098,1019258,2016-04-11-02h
481,6099,1019259,2016-04-11-03h
482,6100,1019260,2016-04-11-04h
483,6101,1019261,2016-04-11-05h
484,6102,1019262,2016-04-11-06h
485,6103,1019263,2016-04-11-07h
486,6104,1019264,2016-04-11-08h
487,6105,1019265,2016-04-11-09h
488,6186,1019346,2016-04-14-18h
489,6187,1019347,2016-04-14-19h
490,6269,1019429,2016-04-18-05h
491,6270,1019430,2016-04-18-06h
492,6271,1019431,2016-04-18-07h
493,6272,1019432,2016-04-18-08h
494,6273,1019433,2016-04-18-09h
495,6274,1019434,2016-04-18-10h
496,6275,1019435,2016-04-18-11h
497,6276,1019436,2016-04-18-12h
498,6277,1019437,2016-04-18-13h
499,6278,1019438,2016-04-18-14h
500,6279,1019439,2016-04-18-15h
501,6280,1019440,2016-04-18-16h
502,6281,1019441,2016-04-18-17h
503,6282,1019442,2016-04-18-18h
504,6283,1019443,2016-04-18-19h
505,6284,1019444,2016-04-18-20h
506,6285,1019445,2016-04-18-21h
507,6286,1019446,2016-04-18-22h
508,6287,1019447,2016-04-18-23h
509,6288,1019448,2016-04-19-00h
510,6289,1019449,2016-04-19-01h
511,6290,1019450,2016-04-19-02h
512,6511,1019671,2016-04-28-07h
513,6512,1019672,2016-04-28-08h
514,6513,1019673,2016-04-28-09h
515,6515,1019675,2016-04-28-11h
516,6516,1019676,2016-04-28-12h
517,6517,1019677,2016-04-28-13h
518,6518,1019678,2016-04-28-14h
519,6519,1019679,2016-04-28-15h
520,6520,1019680,2016-04-28-16h
521,6521,1019681,2016-04-28-17h
522,6522,1019682,2016-04-28-18h
523,6523,1019683,2016-04-28-19h
524,6524,1019684,2016-04-28-20h
525,6525,1019685,2016-04-28-21h
526,6526,1019686,2016-04-28-22h
527,6527,1019687,2016-04-28-23h
528,6528,1019688,2016-04-29-00h
529,6529,1019689,2016-04-29-01h
530,6530,1019690,2016-04-29-02h
531,6531,1019691,2016-04-29-03h
532,6532,1019692,2016-04-29-04h
533,6533,1019693,2016-04-29-05h
534,6534,1019694,2016-04-29-06h
535,6535,1019695,2016-04-29-07h
536,6536,1019696,2016-04-29-08h
537,6537,1019697,2016-04-29-09h
538,6538,1019698,2016-04-29-10h
539,6539,1019699,2016-04-29-11h
540,6540,1019700,2016-04-29-12h
541,6541,1019701,2016-04-29-13h
542,6811,1019971,2016-05-10-19h
543,6812,1019972,2016-05-10-20h
544,6813,1019973,2016-05-10-21h
545,6814,1019974,2016-05-10-22h
546,6815,1019975,2016-05-10-23h
547,6816,1019976,2016-05-11-00h
548,6817,1019977,2016-05-11-01h
549,6818,1019978,2016-05-11-02h
550,6819,1019979,2016-05-11-03h
551,6820,1019980,2016-05-11-04h
552,6821,1019981,2016-05-11-05h
553,6822,1019982,2016-05-11-06h
554,6823,1019983,2016-05-11-07h
555,6824,1019984,2016-05-11-08h
556,6825,1019985,2016-05-11-09h
557,6826,1019986,2016-05-11-10h
558,6827,1019987,2016-05-11-11h
559,6828,1019988,2016-05-11-12h
560,6829,1019989,2016-05-11-13h
561,6830,1019990,2016-05-11-14h
562,6871,1020031,2016-05-13-07h
563,6872,1020032,2016-05-13-08h
564,6873,1020033,2016-05-13-09h
565,6874,1020034,2016-05-13-10h
566,6875,1020035,2016-05-13-11h
567,6876,1020036,2016-05-13-12h
568,6877,1020037,2016-05-13-13h
569,6878,1020038,2016-05-13-14h
570,6879,1020039,2016-05-13-15h
571,6880,1020040,2016-05-13-16h
572,6881,1020041,2016-05-13-17h
573,6882,1020042,2016-05-13-18h
574,6883,1020043,2016-05-13-19h
575,6884,1020044,2016-05-13-20h
576,6930,1020090,2016-05-15-18h
577,6931,1020091,2016-05-15-19h
578,6932,1020092,2016-05-15-20h
579,6933,1020093,2016-05-15-21h
580,6934,1020094,2016-05-15-22h
581,6935,1020095,2016-05-15-23h
582,6936,1020096,2016-05-16-00h
583,6937,1020097,2016-05-16-01h
584,6938,1020098,2016-05-16-02h
585,6939,1020099,2016-05-16-03h
586,6940,1020100,2016-05-16-04h
587,6941,1020101,2016-05-16-05h
588,6942,1020102,2016-05-16-06h
589,6943,1020103,2016-05-16-07h
590,6944,1020104,2016-05-16-08h
591,6945,1020105,2016-05-16-09h
592,6946,1020106,2016-05-16-10h
593,6947,1020107,2016-05-16-11h
594,6948,1020108,2016-05-16-12h
595,6949,1020109,2016-05-16-13h
596,6950,1020110,2016-05-16-14h
597,6951,1020111,2016-05-16-15h
598,6952,1020112,2016-05-16-16h
599,6953,1020113,2016-05-16-17h
600,6954,1020114,2016-05-16-18h
601,6955,1020115,2016-05-16-19h
602,6956,1020116,2016-05-16-20h
603,6957,1020117,2016-05-16-21h
604,6958,1020118,2016-05-16-22h
605,6959,1020119,2016-05-16-23h
606,6960,1020120,2016-05-17-00h
607,6961,1020121,2016-05-17-01h
608,6962,1020122,2016-05-17-02h
609,6963,1020123,2016-05-17-03h
610,6964,1020124,2016-05-17-04h
611,6965,1020125,2016-05-17-05h
612,6966,1020126,2016-05-17-06h
613,6967,1020127,2016-05-17-07h
614,6968,1020128,2016-05-17-08h
615,6969,1020129,2016-05-17-09h
616,6970,1020130,2016-05-17-10h
617,6971,1020131,2016-05-17-11h
618,6972,1020132,2016-05-17-12h
619,6973,1020133,2016-05-17-13h
620,6974,1020134,2016-05-17-14h
621,6975,1020135,2016-05-17-15h
622,6976,1020136,2016-05-17-16h
623,6977,1020137,2016-05-17-17h
624,6985,1020145,2016-05-18-01h
625,8784,1027776,2017-04-01-00h
626,8785,1027777,2017-04-01-01h
627,8786,1027778,2017-04-01-02h
628,8787,1027779,2017-04-01-03h
629,8788,1027780,2017-04-01-04h
630,8789,1027781,2017-04-01-05h
631,8790,1027782,2017-04-01-06h
632,8791,1027783,2017-04-01-07h
633,8792,1027784,2017-04-01-08h
634,8799,1027791,2017-04-01-15h
635,8800,1027792,2017-04-01-16h
636,8801,1027793,2017-04-01-17h
637,8802,1027794,2017-04-01-18h
638,8803,1027795,2017-04-01-19h
639,8804,1027796,2017-04-01-20h
640,8805,1027797,2017-04-01-21h
641,8806,1027798,2017-04-01-22h
642,8807,1027799,2017-04-01-23h
643,8808,1027800,2017-04-02-00h
644,8809,1027801,2017-04-02-01h
645,8810,1027802,2017-04-02-02h
646,8811,1027803,2017-04-02-03h
647,8812,1027804,2017-04-02-04h
648,8813,1027805,2017-04-02-05h
649,8814,1027806,2017-04-02-06h
650,8815,1027807,2017-04-02-07h
651,9030,1028022,2017-04-11-06h
652,9031,1028023,2017-04-11-07h
653,9032,1028024,2017-04-11-08h
654,9033,1028025,2017-04-11-09h
655,9034,1028026,2017-04-11-10h
656,9035,1028027,2017-04-11-11h
657,9036,1028028,2017-04-11-12h
658,9037,1028029,2017-04-11-13h
659,9038,1028030,2017-04-11-14h
660,9039,1028031,2017-04-11-15h
661,9040,1028032,2017-04-11-16h
662,9041,1028033,2017-04-11-17h
663,9042,1028034,2017-04-11-18h
664,9043,1028035,2017-04-11-19h
665,9044,1028036,2017-04-11-20h
666,9045,1028037,2017-04-11-21h
667,9046,1028038,2017-04-11-22h
668,9047,1028039,2017-04-11-23h
669,9048,1028040,2017-04-12-00h
670,9049,1028041,2017-04-12-01h
671,9050,1028042,2017-04-12-02h
672,9051,1028043,2017-04-12-03h
673,9052,1028044,2017-04-12-04h
674,9053,1028045,2017-04-12-05h
675,9054,1028046,2017-04-12-06h
676,9055,1028047,2017-04-12-07h
677,9056,1028048,2017-04-12-08h
678,9057,1028049,2017-04-12-09h
679,9058,1028050,2017-04-12-10h
680,9059,1028051,2017-04-12-11h
681,9060,1028052,2017-04-12-12h
682,9061,1028053,2017-04-12-13h
683,9062,1028054,2017-04-12-14h
684,9063,1028055,2017-04-12-15h
685,9064,1028056,2017-04-12-16h
686,9065,1028057,2017-04-12-17h
687,9066,1028058,2017-04-12-18h
688,9067,1028059,2017-04-12-19h
689,9068,1028060,2017-04-12-20h
690,9069,1028061,2017-04-12-21h
691,9070,1028062,2017-04-12-22h
692,9071,1028063,2017-04-12-23h
693,9072,1028064,2017-04-13-00h
694,9073,1028065,2017-04-13-01h
695,9074,1028066,2017-04-13-02h
696,9075,1028067,2017-04-13-03h
697,9076,1028068,2017-04-13-04h
698,9077,1028069,2017-04-13-05h
699,9078,1028070,2017-04-13-06h
700,9079,1028071,2017-04-13-07h
701,9273,1028265,2017-04-21-09h
702,9275,1028267,2017-04-21-11h
703,9276,1028268,2017-04-21-12h
704,9277,1028269,2017-04-21-13h
705,9278,1028270,2017-04-21-14h
706,9279,1028271,2017-04-21-15h
707,9280,1028272,2017-04-21-16h
708,9281,1028273,2017-04-21-17h
709,9282,1028274,2017-04-21-18h
710,9283,1028275,2017-04-21-19h
711,9284,1028276,2017-04-21-20h
712,9285,1028277,2017-04-21-21h
713,9286,1028278,2017-04-21-22h
714,9287,1028279,2017-04-21-23h
715,9288,1028280,2017-04-22-00h
716,9289,1028281,2017-04-22-01h
717,9290,1028282,2017-04-22-02h
718,9291,1028283,2017-04-22-03h
719,9292,1028284,2017-04-22-04h
720,9293,1028285,2017-04-22-05h
721,9294,1028286,2017-04-22-06h
722,9295,1028287,2017-04-22-07h
723,9296,1028288,2017-04-22-08h
724,9297,1028289,2017-04-22-09h
725,9298,1028290,2017-04-22-10h
726,9299,1028291,2017-04-22-11h
727,9300,1028292,2017-04-22-12h
728,9301,1028293,2017-04-22-13h
729,9302,1028294,2017-04-22-14h
730,9303,1028295,2017-04-22-15h
731,9304,1028296,2017-04-22-16h
732,9305,1028297,2017-04-22-17h
733,9306,1028298,2017-04-22-18h
734,9307,1028299,2017-04-22-19h
735,9308,1028300,2017-04-22-20h
736,9309,1028301,2017-04-22-21h
737,9310,1028302,2017-04-22-22h
738,9311,1028303,2017-04-22-23h
739,9312,1028304,2017-04-23-00h
740,9313,1028305,2017-04-23-01h
741,9314,1028306,2017-04-23-02h
742,9435,1028427,2017-04-28-03h
743,9436,1028428,2017-04-28-04h
744,9437,1028429,2017-04-28-05h
745,9647,1028639,2017-05-06-23h
746,9870,1028862,2017-05-16-06h
747,9871,1028863,2017-05-16-07h
748,9872,1028864,2017-05-16-08h
749,9873,1028865,2017-05-16-09h
750,9874,1028866,2017-05-16-10h
751,9875,1028867,2017-05-16-11h
752,9876,1028868,2017-05-16-12h
753,9877,1028869,2017-05-16-13h
754,9878,1028870,2017-05-16-14h
755,9879,1028871,2017-05-16-15h
756,9902,1028894,2017-05-17-14h
757,9903,1028895,2017-05-17-15h
758,9904,1028896,2017-05-17-16h
759,9905,1028897,2017-05-17-17h
760,9906,1028898,2017-05-17-18h
761,9907,1028899,2017-05-17-19h
762,9908,1028900,2017-05-17-20h
763,9909,1028901,2017-05-17-21h
764,9910,1028902,2017-05-17-22h
765,9911,1028903,2017-05-17-23h
766,9912,1028904,2017-05-18-00h
767,9913,1028905,2017-05-18-01h
768,9914,1028906,2017-05-18-02h
769,9915,1028907,2017-05-18-03h
770,9916,1028908,2017-05-18-04h
771,9917,1028909,2017-05-18-05h
772,9918,1028910,2017-05-18-06h
773,9919,1028911,2017-05-18-07h
774,9920,1028912,2017-05-18-08h
775,9921,1028913,2017-05-18-09h
776,9922,1028914,2017-05-18-10h
777,9923,1028915,2017-05-18-11h
778,9924,1028916,2017-05-18-12h
779,9925,1028917,2017-05-18-13h
780,9926,1028918,2017-05-18-14h
781,9927,1028919,2017-05-18-15h
782,9928,1028920,2017-05-18-16h
783,9933,1028925,2017-05-18-21h
784,9934,1028926,2017-05-18-22h
785,9935,1028927,2017-05-18-23h
786,9936,1028928,2017-05-19-00h
787,9983,1028975,2017-05-20-23h
788,9991,1028983,2017-05-21-07h
789,9997,1028989,2017-05-21-13h
790,9998,1028990,2017-05-21-14h
791,9999,1028991,2017-05-21-15h
792,10068,1029060,2017-05-24-12h
793,10069,1029061,2017-05-24-13h
794,10070,1029062,2017-05-24-14h
795,10071,1029063,2017-05-24-15h
796,10072,1029064,2017-05-24-16h
797,10073,1029065,2017-05-24-17h
798,10074,1029066,2017-05-24-18h
799,10075,1029067,2017-05-24-19h
800,10076,1029068,2017-05-24-20h
801,10077,1029069,2017-05-24-21h
802,10078,1029070,2017-05-24-22h
803,10079,1029071,2017-05-24-23h
804,10080,1029072,2017-05-25-00h
805,10081,1029073,2017-05-25-01h
806,10082,1029074,2017-05-25-02h
807,10100,1029092,2017-05-25-20h
808,10101,1029093,2017-05-25-21h
809,10102,1029094,2017-05-25-22h
810,10103,1029095,2017-05-25-23h
811,10104,1029096,2017-05-26-00h
812,10105,1029097,2017-05-26-01h
813,10106,1029098,2017-05-26-02h
814,10107,1029099,2017-05-26-03h
815,10108,1029100,2017-05-26-04h
816,10112,1029104,2017-05-26-08h
817,10113,1029105,2017-05-26-09h
818,10114,1029106,2017-05-26-10h
819,10115,1029107,2017-05-26-11h
820,10116,1029108,2017-05-26-12h
821,10117,1029109,2017-05-26-13h
822,10118,1029110,2017-05-26-14h
823,10119,1029111,2017-05-26-15h
824,10120,1029112,2017-05-26-16h
825,10121,1029113,2017-05-26-17h
826,10122,1029114,2017-05-26-18h
827,10123,1029115,2017-05-26-19h
828,10124,1029116,2017-05-26-20h
829,10125,1029117,2017-05-26-21h
830,10126,1029118,2017-05-26-22h
831,10127,1029119,2017-05-26-23h
832,10128,1029120,2017-05-27-00h
833,10129,1029121,2017-05-27-01h
834,10130,1029122,2017-05-27-02h
835,10131,1029123,2017-05-27-03h
836,10132,1029124,2017-05-27-04h
837,10133,1029125,2017-05-27-05h
838,10134,1029126,2017-05-27-06h
839,10135,1029127,2017-05-27-07h
840,10136,1029128,2017-05-27-08h
841,10137,1029129,2017-05-27-09h
842,10139,1029131,2017-05-27-11h
843,10140,1029132,2017-05-27-12h
844,10141,1029133,2017-05-27-13h
845,10143,1029135,2017-05-27-15h
846,10144,1029136,2017-05-27-16h
847,10145,1029137,2017-05-27-17h
848,10146,1029138,2017-05-27-18h
849,10147,1029139,2017-05-27-19h
850,10148,1029140,2017-05-27-20h
851,10149,1029141,2017-05-27-21h
852,10150,1029142,2017-05-27-22h
853,10151,1029143,2017-05-27-23h
854,10152,1029144,2017-05-28-00h
855,10153,1029145,2017-05-28-01h
856,10154,1029146,2017-05-28-02h
857,10155,1029147,2017-05-28-03h
858,10156,1029148,2017-05-28-04h
859,10157,1029149,2017-05-28-05h
860,10158,1029150,2017-05-28-06h
861,10159,1029151,2017-05-28-07h
862,10160,1029152,2017-05-28-08h
863,10161,1029153,2017-05-28-09h
864,10162,1029154,2017-05-28-10h
865,10163,1029155,2017-05-28-11h
866,10164,1029156,2017-05-28-12h
867,10165,1029157,2017-05-28-13h
868,10166,1029158,2017-05-28-14h
869,10167,1029159,2017-05-28-15h
870,10168,1029160,2017-05-28-16h
871,10169,1029161,2017-05-28-17h
872,10170,1029162,2017-05-28-18h
873,10171,1029163,2017-05-28-19h
874,10172,1029164,2017-05-28-20h
875,10173,1029165,2017-05-28-21h
876,10174,1029166,2017-05-28-22h
877,10175,1029167,2017-05-28-23h
878,10176,1029168,2017-05-29-00h
879,10177,1029169,2017-05-29-01h
880,10178,1029170,2017-05-29-02h
881,10179,1029171,2017-05-29-03h
882,10180,1029172,2017-05-29-04h
883,10181,1029173,2017-05-29-05h
884,10182,1029174,2017-05-29-06h
885,10183,1029175,2017-05-29-07h
886,10640,1029632,2017-06-17-08h
887,11832,1036656,2018-04-06-00h
888,11833,1036657,2018-04-06-01h
889,11834,1036658,2018-04-06-02h
890,11835,1036659,2018-04-06-03h
891,11836,1036660,2018-04-06-04h
892,11837,1036661,2018-04-06-05h
893,11838,1036662,2018-04-06-06h
894,11839,1036663,2018-04-06-07h
895,11840,1036664,2018-04-06-08h
896,11841,1036665,2018-04-06-09h
897,11842,1036666,2018-04-06-10h
898,11843,1036667,2018-04-06-11h
899,11844,1036668,2018-04-06-12h
900,11845,1036669,2018-04-06-13h
901,11846,1036670,2018-04-06-14h
902,11847,1036671,2018-04-06-15h
903,11848,1036672,2018-04-06-16h
904,11849,1036673,2018-04-06-17h
905,11850,1036674,2018-04-06-18h
906,11851,1036675,2018-04-06-19h
907,11859,1036683,2018-04-07-03h
908,11860,1036684,2018-04-07-04h
909,11861,1036685,2018-04-07-05h
910,11862,1036686,2018-04-07-06h
911,11863,1036687,2018-04-07-07h
912,11864,1036688,2018-04-07-08h
913,11865,1036689,2018-04-07-09h
914,11876,1036700,2018-04-07-20h
915,11877,1036701,2018-04-07-21h
916,12041,1036865,2018-04-14-17h
917,12042,1036866,2018-04-14-18h
918,12043,1036867,2018-04-14-19h
919,12044,1036868,2018-04-14-20h
920,12045,1036869,2018-04-14-21h
921,12046,1036870,2018-04-14-22h
922,12047,1036871,2018-04-14-23h
923,12048,1036872,2018-04-15-00h
924,12049,1036873,2018-04-15-01h
925,12050,1036874,2018-04-15-02h
926,12051,1036875,2018-04-15-03h
927,12052,1036876,2018-04-15-04h
928,12053,1036877,2018-04-15-05h
929,12054,1036878,2018-04-15-06h
930,12055,1036879,2018-04-15-07h
931,12056,1036880,2018-04-15-08h
932,12057,1036881,2018-04-15-09h
933,12058,1036882,2018-04-15-10h
934,12059,1036883,2018-04-15-11h
935,12060,1036884,2018-04-15-12h
936,12061,1036885,2018-04-15-13h
937,12062,1036886,2018-04-15-14h
938,12063,1036887,2018-04-15-15h
939,12064,1036888,2018-04-15-16h
940,12065,1036889,2018-04-15-17h
941,12066,1036890,2018-04-15-18h
942,12067,1036891,2018-04-15-19h
943,12068,1036892,2018-04-15-20h
944,12069,1036893,2018-04-15-21h
945,12070,1036894,2018-04-15-22h
946,12071,1036895,2018-04-15-23h
947,12072,1036896,2018-04-16-00h
948,12073,1036897,2018-04-16-01h
949,12074,1036898,2018-04-16-02h
950,12075,1036899,2018-04-16-03h
951,12076,1036900,2018-04-16-04h
952,12077,1036901,2018-04-16-05h
953,12078,1036902,2018-04-16-06h
954,12079,1036903,2018-04-16-07h
955,12080,1036904,2018-04-16-08h
956,12081,1036905,2018-04-16-09h
957,12082,1036906,2018-04-16-10h
958,12083,1036907,2018-04-16-11h
959,12084,1036908,2018-04-16-12h
960,12085,1036909,2018-04-16-13h
961,12086,1036910,2018-04-16-14h
962,12087,1036911,2018-04-16-15h
963,12088,1036912,2018-04-16-16h
964,12089,1036913,2018-04-16-17h
965,12090,1036914,2018-04-16-18h
966,12091,1036915,2018-04-16-19h
967,12092,1036916,2018-04-16-20h
968,12093,1036917,2018-04-16-21h
969,12094,1036918,2018-04-16-22h
970,12095,1036919,2018-04-16-23h
971,12096,1036920,2018-04-17-00h
972,12097,1036921,2018-04-17-01h
973,12098,1036922,2018-04-17-02h
974,12099,1036923,2018-04-17-03h
975,12100,1036924,2018-04-17-04h
976,12101,1036925,2018-04-17-05h
977,12102,1036926,2018-04-17-06h
978,12103,1036927,2018-04-17-07h
979,12104,1036928,2018-04-17-08h
980,12105,1036929,2018-04-17-09h
981,12273,1037097,2018-04-24-09h
982,12275,1037099,2018-04-24-11h
983,12276,1037100,2018-04-24-12h
984,12277,1037101,2018-04-24-13h
985,12278,1037102,2018-04-24-14h
986,12279,1037103,2018-04-24-15h
987,12280,1037104,2018-04-24-16h
988,12281,1037105,2018-04-24-17h
989,12282,1037106,2018-04-24-18h
990,12283,1037107,2018-04-24-19h
991,12284,1037108,2018-04-24-20h
992,12285,1037109,2018-04-24-21h
993,12286,1037110,2018-04-24-22h
994,12287,1037111,2018-04-24-23h
995,12288,1037112,2018-04-25-00h
996,12289,1037113,2018-04-25-01h
997,12290,1037114,2018-04-25-02h
998,12291,1037115,2018-04-25-03h
999,12292,1037116,2018-04-25-04h
1000,12293,1037117,2018-04-25-05h
1001,12294,1037118,2018-04-25-06h
1002,12295,1037119,2018-04-25-07h
1003,12296,1037120,2018-04-25-08h
1004,12297,1037121,2018-04-25-09h
1005,12472,1037296,2018-05-02-16h
1006,12473,1037297,2018-05-02-17h
1007,12474,1037298,2018-05-02-18h
1008,12475,1037299,2018-05-02-19h
1009,12476,1037300,2018-05-02-20h
1010,12477,1037301,2018-05-02-21h
1011,12478,1037302,2018-05-02-22h
1012,12479,1037303,2018-05-02-23h
1013,12480,1037304,2018-05-03-00h
1014,12481,1037305,2018-05-03-01h
1015,12482,1037306,2018-05-03-02h
1016,12483,1037307,2018-05-03-03h
1017,12484,1037308,2018-05-03-04h
1018,12485,1037309,2018-05-03-05h
1019,12486,1037310,2018-05-03-06h
1020,12487,1037311,2018-05-03-07h
1021,12488,1037312,2018-05-03-08h
1022,12489,1037313,2018-05-03-09h
1023,12490,1037314,2018-05-03-10h
1024,12491,1037315,2018-05-03-11h
1025,12492,1037316,2018-05-03-12h
1026,12493,1037317,2018-05-03-13h
1027,12494,1037318,2018-05-03-14h
1028,12495,1037319,2018-05-03-15h
1029,12496,1037320,2018-05-03-16h
1030,12497,1037321,2018-05-03-17h
1031,12498,1037322,2018-05-03-18h
1032,12499,1037323,2018-05-03-19h
1033,12500,1037324,2018-05-03-20h
1034,12501,1037325,2018-05-03-21h
1035,12502,1037326,2018-05-03-22h
1036,12503,1037327,2018-05-03-23h
1037,12504,1037328,2018-05-04-00h
1038,12505,1037329,2018-05-04-01h
1039,12506,1037330,2018-05-04-02h
1040,12613,1037437,2018-05-08-13h
1041,12614,1037438,2018-05-08-14h
1042,12615,1037439,2018-05-08-15h
1043,12616,1037440,2018-05-08-16h
1044,12617,1037441,2018-05-08-17h
1045,12618,1037442,2018-05-08-18h
1046,12619,1037443,2018-05-08-19h
1047,12620,1037444,2018-05-08-20h
1048,12621,1037445,2018-05-08-21h
1049,12622,1037446,2018-05-08-22h
1050,12623,1037447,2018-05-08-23h
1051,12624,1037448,2018-05-09-00h
1052,12625,1037449,2018-05-09-01h
1053,12626,1037450,2018-05-09-02h
1054,12627,1037451,2018-05-09-03h
1055,12628,1037452,2018-05-09-04h
1056,12629,1037453,2018-05-09-05h
1057,12630,1037454,2018-05-09-06h
1058,12631,1037455,2018-05-09-07h
1059,12632,1037456,2018-05-09-08h
1060,12633,1037457,2018-05-09-09h
1061,12634,1037458,2018-05-09-10h
1062,12635,1037459,2018-05-09-11h
1063,12636,1037460,2018-05-09-12h
1064,12637,1037461,2018-05-09-13h
1065,12638,1037462,2018-05-09-14h
1066,12639,1037463,2018-05-09-15h
1067,12640,1037464,2018-05-09-16h
1068,12641,1037465,2018-05-09-17h
1069,12642,1037466,2018-05-09-18h
1070,12643,1037467,2018-05-09-19h
1071,12644,1037468,2018-05-09-20h
1072,12645,1037469,2018-05-09-21h
1073,12646,1037470,2018-05-09-22h
1074,12647,1037471,2018-05-09-23h
1075,12648,1037472,2018-05-10-00h
1076,12649,1037473,2018-05-10-01h
1077,12650,1037474,2018-05-10-02h
1078,12651,1037475,2018-05-10-03h
1079,12652,1037476,2018-05-10-04h
1080,12653,1037477,2018-05-10-05h
1081,12654,1037478,2018-05-10-06h
1082,12655,1037479,2018-05-10-07h
1083,12656,1037480,2018-05-10-08h
1084,12657,1037481,2018-05-10-09h
1085,12658,1037482,2018-05-10-10h
1086,12659,1037483,2018-05-10-11h
1087,12660,1037484,2018-05-10-12h
1088,12661,1037485,2018-05-10-13h
1089,12662,1037486,2018-05-10-14h
1090,13166,1037990,2018-05-31-14h
1091,13167,1037991,2018-05-31-15h
1092,13170,1037994,2018-05-31-18h
1093,13171,1037995,2018-05-31-19h
1094,13172,1037996,2018-05-31-20h
1095,13173,1037997,2018-05-31-21h
1096,13174,1037998,2018-05-31-22h
1097,13175,1037999,2018-05-31-23h
1098,13176,1038000,2018-06-01-00h
1099,13177,1038001,2018-06-01-01h
1100,13178,1038002,2018-06-01-02h
1101,13179,1038003,2018-06-01-03h
1102,13180,1038004,2018-06-01-04h
1103,13181,1038005,2018-06-01-05h
1104,13182,1038006,2018-06-01-06h
1105,13183,1038007,2018-06-01-07h
1106,13184,1038008,2018-06-01-08h
1107,13185,1038009,2018-06-01-09h
1108,13186,1038010,2018-06-01-10h
1109,13187,1038011,2018-06-01-11h
1110,13188,1038012,2018-06-01-12h
1111,13189,1038013,2018-06-01-13h
1112,13190,1038014,2018-06-01-14h
1113,13191,1038015,2018-06-01-15h
1114,13192,1038016,2018-06-01-16h
1115,13193,1038017,2018-06-01-17h
1116,13194,1038018,2018-06-01-18h
1117,13195,1038019,2018-06-01-19h
1118,13196,1038020,2018-06-01-20h
1119,13197,1038021,2018-06-01-21h
1120,13199,1038023,2018-06-01-23h
1121,13200,1038024,2018-06-02-00h
1122,13201,1038025,2018-06-02-01h
1123,14640,1045296,2019-04-01-00h
1124,14641,1045297,2019-04-01-01h
1125,14642,1045298,2019-04-01-02h
1126,14643,1045299,2019-04-01-03h
1127,14644,1045300,2019-04-01-04h
1128,14645,1045301,2019-04-01-05h
1129,14646,1045302,2019-04-01-06h
1130,14647,1045303,2019-04-01-07h
1131,14648,1045304,2019-04-01-08h
1132,14649,1045305,2019-04-01-09h
1133,14650,1045306,2019-04-01-10h
1134,14651,1045307,2019-04-01-11h
1135,14652,1045308,2019-04-01-12h
1136,14653,1045309,2019-04-01-13h
1137,14654,1045310,2019-04-01-14h
1138,14655,1045311,2019-04-01-15h
1139,14656,1045312,2019-04-01-16h
1140,14657,1045313,2019-04-01-17h
1141,14658,1045314,2019-04-01-18h
1142,14659,1045315,2019-04-01-19h
1143,14660,1045316,2019-04-01-20h
1144,14661,1045317,2019-04-01-21h
1145,14694,1045350,2019-04-03-06h
1146,14695,1045351,2019-04-03-07h
1147,14696,1045352,2019-04-03-08h
1148,14697,1045353,2019-04-03-09h
1149,14698,1045354,2019-04-03-10h
1150,14699,1045355,2019-04-03-11h
1151,14700,1045356,2019-04-03-12h
1152,14701,1045357,2019-04-03-13h
1153,14702,1045358,2019-04-03-14h
1154,14703,1045359,2019-04-03-15h
1155,14704,1045360,2019-04-03-16h
1156,14705,1045361,2019-04-03-17h
1157,14706,1045362,2019-04-03-18h
1158,14707,1045363,2019-04-03-19h
1159,14708,1045364,2019-04-03-20h
1160,14709,1045365,2019-04-03-21h
1161,14710,1045366,2019-04-03-22h
1162,14864,1045520,2019-04-10-08h
1163,14865,1045521,2019-04-10-09h
1164,14866,1045522,2019-04-10-10h
1165,14867,1045523,2019-04-10-11h
1166,14868,1045524,2019-04-10-12h
1167,14869,1045525,2019-04-10-13h
1168,14870,1045526,2019-04-10-14h
1169,14871,1045527,2019-04-10-15h
1170,14872,1045528,2019-04-10-16h
1171,14895,1045551,2019-04-11-15h
1172,14896,1045552,2019-04-11-16h
1173,14897,1045553,2019-04-11-17h
1174,14898,1045554,2019-04-11-18h
1175,14899,1045555,2019-04-11-19h
1176,14900,1045556,2019-04-11-20h
1177,14901,1045557,2019-04-11-21h
1178,14902,1045558,2019-04-11-22h
1179,14903,1045559,2019-04-11-23h
1180,14904,1045560,2019-04-12-00h
1181,14905,1045561,2019-04-12-01h
1182,14906,1045562,2019-04-12-02h
1183,14907,1045563,2019-04-12-03h
1184,14908,1045564,2019-04-12-04h
1185,14909,1045565,2019-04-12-05h
1186,14910,1045566,2019-04-12-06h
1187,14911,1045567,2019-04-12-07h
1188,14912,1045568,2019-04-12-08h
1189,14913,1045569,2019-04-12-09h
1190,14914,1045570,2019-04-12-10h
1191,14915,1045571,2019-04-12-11h
1192,14916,1045572,2019-04-12-12h
1193,14917,1045573,2019-04-12-13h
1194,14918,1045574,2019-04-12-14h
1195,14919,1045575,2019-04-12-15h
1196,14961,1045617,2019-04-14-09h
1197,14962,1045618,2019-04-14-10h
1198,14963,1045619,2019-04-14-11h
1199,14964,1045620,2019-04-14-12h
1200,14965,1045621,2019-04-14-13h
1201,14966,1045622,2019-04-14-14h
1202,14967,1045623,2019-04-14-15h
1203,14968,1045624,2019-04-14-16h
1204,14969,1045625,2019-04-14-17h
1205,14970,1045626,2019-04-14-18h
1206,14971,1045627,2019-04-14-19h
1207,14972,1045628,2019-04-14-20h
1208,14973,1045629,2019-04-14-21h
1209,14974,1045630,2019-04-14-22h
1210,14975,1045631,2019-04-14-23h
1211,14976,1045632,2019-04-15-00h
1212,14977,1045633,2019-04-15-01h
1213,14978,1045634,2019-04-15-02h
1214,14979,1045635,2019-04-15-03h
1215,14980,1045636,2019-04-15-04h
1216,14981,1045637,2019-04-15-05h
1217,14982,1045638,2019-04-15-06h
1218,14983,1045639,2019-04-15-07h
1219,14984,1045640,2019-04-15-08h
1220,14985,1045641,2019-04-15-09h
1221,14986,1045642,2019-04-15-10h
1222,14987,1045643,2019-04-15-11h
1223,14988,1045644,2019-04-15-12h
1224,14989,1045645,2019-04-15-13h
1225,14990,1045646,2019-04-15-14h
1226,14991,1045647,2019-04-15-15h
1227,15253,1045909,2019-04-26-13h
1228,15254,1045910,2019-04-26-14h
1229,15255,1045911,2019-04-26-15h
1230,15256,1045912,2019-04-26-16h
1231,15257,1045913,2019-04-26-17h
1232,15258,1045914,2019-04-26-18h
1233,15259,1045915,2019-04-26-19h
1234,15260,1045916,2019-04-26-20h
1235,15261,1045917,2019-04-26-21h
1236,15262,1045918,2019-04-26-22h
1237,15263,1045919,2019-04-26-23h
1238,15264,1045920,2019-04-27-00h
1239,15265,1045921,2019-04-27-01h
1240,15266,1045922,2019-04-27-02h
1241,15267,1045923,2019-04-27-03h
1242,15268,1045924,2019-04-27-04h
1243,15269,1045925,2019-04-27-05h
1244,15270,1045926,2019-04-27-06h
1245,15271,1045927,2019-04-27-07h
1246,15272,1045928,2019-04-27-08h
1247,15273,1045929,2019-04-27-09h
1248,15274,1045930,2019-04-27-10h
1249,15275,1045931,2019-04-27-11h
1250,15276,1045932,2019-04-27-12h
1251,15277,1045933,2019-04-27-13h
1252,15278,1045934,2019-04-27-14h
1253,15360,1046016,2019-05-01-00h
1254,15361,1046017,2019-05-01-01h
1255,15362,1046018,2019-05-01-02h
1256,15364,1046020,2019-05-01-04h
1257,15366,1046022,2019-05-01-06h
1258,15367,1046023,2019-05-01-07h
1259,15368,1046024,2019-05-01-08h
1260,15369,1046025,2019-05-01-09h
1261,15370,1046026,2019-05-01-10h
1262,15371,1046027,2019-05-01-11h
1263,15372,1046028,2019-05-01-12h
1264,15373,1046029,2019-05-01-13h
1265,15374,1046030,2019-05-01-14h
1266,15375,1046031,2019-05-01-15h
1267,15376,1046032,2019-05-01-16h
1268,15377,1046033,2019-05-01-17h
1269,15378,1046034,2019-05-01-18h
1270,15379,1046035,2019-05-01-19h
1271,15380,1046036,2019-05-01-20h
1272,15381,1046037,2019-05-01-21h
1273,15382,1046038,2019-05-01-22h
1274,15383,1046039,2019-05-01-23h
1275,15384,1046040,2019-05-02-00h
1276,15385,1046041,2019-05-02-01h
1277,15386,1046042,2019-05-02-02h
1278,15387,1046043,2019-05-02-03h
1279,15388,1046044,2019-05-02-04h
1280,15389,1046045,2019-05-02-05h
1281,15390,1046046,2019-05-02-06h
1282,15391,1046047,2019-05-02-07h
1283,15392,1046048,2019-05-02-08h
1284,15393,1046049,2019-05-02-09h
1285,15394,1046050,2019-05-02-10h
1286,15395,1046051,2019-05-02-11h
1287,15396,1046052,2019-05-02-12h
1288,15397,1046053,2019-05-02-13h
1289,15398,1046054,2019-05-02-14h
1290,15399,1046055,2019-05-02-15h
1291,15400,1046056,2019-05-02-16h
1292,15401,1046057,2019-05-02-17h
1293,15402,1046058,2019-05-02-18h
1294,15403,1046059,2019-05-02-19h
1295,15404,1046060,2019-05-02-20h
1296,15405,1046061,2019-05-02-21h
1297,15406,1046062,2019-05-02-22h
1298,15407,1046063,2019-05-02-23h
1299,15408,1046064,2019-05-03-00h
1300,15409,1046065,2019-05-03-01h
1301,15410,1046066,2019-05-03-02h
1302,15411,1046067,2019-05-03-03h
1303,15412,1046068,2019-05-03-04h
1304,15413,1046069,2019-05-03-05h
1305,15414,1046070,2019-05-03-06h
1306,15415,1046071,2019-05-03-07h
1307,15416,1046072,2019-05-03-08h
1308,15417,1046073,2019-05-03-09h
1309,15418,1046074,2019-05-03-10h
1310,15419,1046075,2019-05-03-11h
1311,15420,1046076,2019-05-03-12h
1312,15421,1046077,2019-05-03-13h
1313,15422,1046078,2019-05-03-14h
1314,15423,1046079,2019-05-03-15h
1315,15424,1046080,2019-05-03-16h
1316,15425,1046081,2019-05-03-17h
1317,15426,1046082,2019-05-03-18h
1318,15427,1046083,2019-05-03-19h
1319,15428,1046084,2019-05-03-20h
1320,15429,1046085,2019-05-03-21h
1321,15430,1046086,2019-05-03-22h
1322,15431,1046087,2019-05-03-23h
1323,15432,1046088,2019-05-04-00h
1324,15433,1046089,2019-05-04-01h
1325,15434,1046090,2019-05-04-02h
1326,15468,1046124,2019-05-05-12h
1327,15469,1046125,2019-05-05-13h
1328,15470,1046126,2019-05-05-14h
1329,15471,1046127,2019-05-05-15h
1330,15472,1046128,2019-05-05-16h
1331,15473,1046129,2019-05-05-17h
1332,15474,1046130,2019-05-05-18h
1333,15475,1046131,2019-05-05-19h
1334,15476,1046132,2019-05-05-20h
1335,15477,1046133,2019-05-05-21h
1336,15479,1046135,2019-05-05-23h
1337,15480,1046136,2019-05-06-00h
1338,15481,1046137,2019-05-06-01h
1339,15482,1046138,2019-05-06-02h
1340,15483,1046139,2019-05-06-03h
1341,15484,1046140,2019-05-06-04h
1342,15485,1046141,2019-05-06-05h
1343,15486,1046142,2019-05-06-06h
1344,15487,1046143,2019-05-06-07h
1345,15488,1046144,2019-05-06-08h
1346,15489,1046145,2019-05-06-09h
1347,15490,1046146,2019-05-06-10h
1348,15491,1046147,2019-05-06-11h
1349,15492,1046148,2019-05-06-12h
1350,15493,1046149,2019-05-06-13h
1351,15494,1046150,2019-05-06-14h
1352,15495,1046151,2019-05-06-15h
1353,15496,1046152,2019-05-06-16h
1354,15497,1046153,2019-05-06-17h
1355,15498,1046154,2019-05-06-18h
1356,15499,1046155,2019-05-06-19h
1357,15500,1046156,2019-05-06-20h
1358,15501,1046157,2019-05-06-21h
1359,15502,1046158,2019-05-06-22h
1360,15503,1046159,2019-05-06-23h
1361,15504,1046160,2019-05-07-00h
1362,15505,1046161,2019-05-07-01h
1363,15506,1046162,2019-05-07-02h
1364,15507,1046163,2019-05-07-03h
1365,15508,1046164,2019-05-07-04h
1366,15509,1046165,2019-05-07-05h
1367,15510,1046166,2019-05-07-06h
1368,15511,1046167,2019-05-07-07h
1369,15512,1046168,2019-05-07-08h
1370,15513,1046169,2019-05-07-09h
1371,15514,1046170,2019-05-07-10h
1372,15515,1046171,2019-05-07-11h
1373,15516,1046172,2019-05-07-12h
1374,15517,1046173,2019-05-07-13h
1375,15518,1046174,2019-05-07-14h
1376,15519,1046175,2019-05-07-15h
1377,15520,1046176,2019-05-07-16h
1378,15521,1046177,2019-05-07-17h
1379,15522,1046178,2019-05-07-18h
1380,15523,1046179,2019-05-07-19h
1381,15524,1046180,2019-05-07-20h
1382,15525,1046181,2019-05-07-21h
1383,15526,1046182,2019-05-07-22h
1384,15527,1046183,2019-05-07-23h
1385,15528,1046184,2019-05-08-00h
1386,15529,1046185,2019-05-08-01h
1387,15530,1046186,2019-05-08-02h
1388,15531,1046187,2019-05-08-03h
1389,15532,1046188,2019-05-08-04h
1390,15561,1046217,2019-05-09-09h
1391,15571,1046227,2019-05-09-19h
1392,15572,1046228,2019-05-09-20h
1393,15573,1046229,2019-05-09-21h
1394,15574,1046230,2019-05-09-22h
1395,15575,1046231,2019-05-09-23h
1396,15576,1046232,2019-05-10-00h
1397,15577,1046233,2019-05-10-01h
1398,15579,1046235,2019-05-10-03h
1399,15580,1046236,2019-05-10-04h
1400,15818,1046474,2019-05-20-02h
1401,15819,1046475,2019-05-20-03h
1402,15820,1046476,2019-05-20-04h
1403,15821,1046477,2019-05-20-05h
1404,15822,1046478,2019-05-20-06h
1405,15823,1046479,2019-05-20-07h
1406,15824,1046480,2019-05-20-08h
1407,15825,1046481,2019-05-20-09h
1408,15826,1046482,2019-05-20-10h
1409,15827,1046483,2019-05-20-11h
1410,15828,1046484,2019-05-20-12h
1411,15829,1046485,2019-05-20-13h
1412,15830,1046486,2019-05-20-14h
1413,15831,1046487,2019-05-20-15h
1414,15832,1046488,2019-05-20-16h
1415,15833,1046489,2019-05-20-17h
1416,15834,1046490,2019-05-20-18h
1417,15835,1046491,2019-05-20-19h
1418,15836,1046492,2019-05-20-20h
1419,15837,1046493,2019-05-20-21h
1420,15838,1046494,2019-05-20-22h
1421,15839,1046495,2019-05-20-23h
1422,15840,1046496,2019-05-21-00h
1423,15841,1046497,2019-05-21-01h
1424,15842,1046498,2019-05-21-02h
1425,15843,1046499,2019-05-21-03h
1426,15844,1046500,2019-05-21-04h
1427,15845,1046501,2019-05-21-05h
1428,15846,1046502,2019-05-21-06h
1429,16011,1046667,2019-05-28-03h
1430,16012,1046668,2019-05-28-04h
1431,16013,1046669,2019-05-28-05h
1432,16014,1046670,2019-05-28-06h
1433,16015,1046671,2019-05-28-07h
1434,16016,1046672,2019-05-28-08h
1435,16017,1046673,2019-05-28-09h
1436,16018,1046674,2019-05-28-10h
1437,16019,1046675,2019-05-28-11h
1438,16020,1046676,2019-05-28-12h
1439,16021,1046677,2019-05-28-13h
1440,16022,1046678,2019-05-28-14h
1441,16023,1046679,2019-05-28-15h
1442,16024,1046680,2019-05-28-16h
1443,16025,1046681,2019-05-28-17h
1444,16026,1046682,2019-05-28-18h
1445,16027,1046683,2019-05-28-19h
1446,16028,1046684,2019-05-28-20h
1447,16029,1046685,2019-05-28-21h
1448,16030,1046686,2019-05-28-22h
1449,16031,1046687,2019-05-28-23h
1450,16032,1046688,2019-05-29-00h
1451,16033,1046689,2019-05-29-01h
1452,16034,1046690,2019-05-29-02h
1453,16035,1046691,2019-05-29-03h
1454,16036,1046692,2019-05-29-04h
1455,16037,1046693,2019-05-29-05h
1456,16038,1046694,2019-05-29-06h
1457,16039,1046695,2019-05-29-07h
1458,16040,1046696,2019-05-29-08h
1459,16041,1046697,2019-05-29-09h
1460,16042,1046698,2019-05-29-10h
1461,16043,1046699,2019-05-29-11h
1462,16044,1046700,2019-05-29-12h
1463,16045,1046701,2019-05-29-13h
1464,16046,1046702,2019-05-29-14h
1465,16047,1046703,2019-05-29-15h
1466,16048,1046704,2019-05-29-16h
1467,17568,1054080,2020-04-01-00h
1468,17569,1054081,2020-04-01-01h
1469,17570,1054082,2020-04-01-02h
1470,17571,1054083,2020-04-01-03h
1471,17572,1054084,2020-04-01-04h
1472,17573,1054085,2020-04-01-05h
1473,17574,1054086,2020-04-01-06h
1474,17575,1054087,2020-04-01-07h
1475,17576,1054088,2020-04-01-08h
1476,17577,1054089,2020-04-01-09h
1477,17578,1054090,2020-04-01-10h
1478,17579,1054091,2020-04-01-11h
1479,17580,1054092,2020-04-01-12h
1480,17581,1054093,2020-04-01-13h
1481,17582,1054094,2020-04-01-14h
1482,17583,1054095,2020-04-01-15h
1483,17584,1054096,2020-04-01-16h
1484,17585,1054097,2020-04-01-17h
1485,17586,1054098,2020-04-01-18h
1486,17587,1054099,2020-04-01-19h
1487,17588,1054100,2020-04-01-20h
1488,17589,1054101,2020-04-01-21h
1489,17591,1054103,2020-04-01-23h
1490,17592,1054104,2020-04-02-00h
1491,17634,1054146,2020-04-03-18h
1492,17635,1054147,2020-04-03-19h
1493,17636,1054148,2020-04-03-20h
1494,17637,1054149,2020-04-03-21h
1495,17638,1054150,2020-04-03-22h
1496,17639,1054151,2020-04-03-23h
1497,17640,1054152,2020-04-04-00h
1498,17641,1054153,2020-04-04-01h
1499,17642,1054154,2020-04-04-02h
1500,17643,1054155,2020-04-04-03h
1501,17644,1054156,2020-04-04-04h
1502,17645,1054157,2020-04-04-05h
1503,17646,1054158,2020-04-04-06h
1504,17647,1054159,2020-04-04-07h
1505,17648,1054160,2020-04-04-08h
1506,17649,1054161,2020-04-04-09h
1507,17650,1054162,2020-04-04-10h
1508,17651,1054163,2020-04-04-11h
1509,17652,1054164,2020-04-04-12h
1510,17653,1054165,2020-04-04-13h
1511,17654,1054166,2020-04-04-14h
1512,17655,1054167,2020-04-04-15h
1513,17656,1054168,2020-04-04-16h
1514,17657,1054169,2020-04-04-17h
1515,17658,1054170,2020-04-04-18h
1516,17659,1054171,2020-04-04-19h
1517,17660,1054172,2020-04-04-20h
1518,17661,1054173,2020-04-04-21h
1519,17662,1054174,2020-04-04-22h
1520,17663,1054175,2020-04-04-23h
1521,17664,1054176,2020-04-05-00h
1522,17665,1054177,2020-04-05-01h
1523,17666,1054178,2020-04-05-02h
1524,17667,1054179,2020-04-05-03h
1525,17668,1054180,2020-04-05-04h
1526,17669,1054181,2020-04-05-05h
1527,17670,1054182,2020-04-05-06h
1528,17671,1054183,2020-04-05-07h
1529,17672,1054184,2020-04-05-08h
1530,17673,1054185,2020-04-05-09h
1531,17674,1054186,2020-04-05-10h
1532,17675,1054187,2020-04-05-11h
1533,17676,1054188,2020-04-05-12h
1534,17677,1054189,2020-04-05-13h
1535,17678,1054190,2020-04-05-14h
1536,17679,1054191,2020-04-05-15h
1537,17680,1054192,2020-04-05-16h
1538,17681,1054193,2020-04-05-17h
1539,17682,1054194,2020-04-05-18h
1540,17683,1054195,2020-04-05-19h
1541,17684,1054196,2020-04-05-20h
1542,17685,1054197,2020-04-05-21h
1543,17686,1054198,2020-04-05-22h
1544,17687,1054199,2020-04-05-23h
1545,17688,1054200,2020-04-06-00h
1546,17689,1054201,2020-04-06-01h
1547,17690,1054202,2020-04-06-02h
1548,17691,1054203,2020-04-06-03h
1549,17692,1054204,2020-04-06-04h
1550,17693,1054205,2020-04-06-05h
1551,17694,1054206,2020-04-06-06h
1552,17695,1054207,2020-04-06-07h
1553,17696,1054208,2020-04-06-08h
1554,17697,1054209,2020-04-06-09h
1555,17698,1054210,2020-04-06-10h
1556,17699,1054211,2020-04-06-11h
1557,17700,1054212,2020-04-06-12h
1558,17701,1054213,2020-04-06-13h
1559,17702,1054214,2020-04-06-14h
1560,17703,1054215,2020-04-06-15h
1561,17704,1054216,2020-04-06-16h
1562,17705,1054217,2020-04-06-17h
1563,17706,1054218,2020-04-06-18h
1564,17707,1054219,2020-04-06-19h
1565,17708,1054220,2020-04-06-20h
1566,17709,1054221,2020-04-06-21h
1567,17710,1054222,2020-04-06-22h
1568,17711,1054223,2020-04-06-23h
1569,17712,1054224,2020-04-07-00h
1570,17713,1054225,2020-04-07-01h
1571,17714,1054226,2020-04-07-02h
1572,17715,1054227,2020-04-07-03h
1573,17716,1054228,2020-04-07-04h
1574,17717,1054229,2020-04-07-05h
1575,17718,1054230,2020-04-07-06h
1576,17719,1054231,2020-04-07-07h
1577,17720,1054232,2020-04-07-08h
1578,17721,1054233,2020-04-07-09h
1579,17722,1054234,2020-04-07-10h
1580,17723,1054235,2020-04-07-11h
1581,17724,1054236,2020-04-07-12h
1582,17725,1054237,2020-04-07-13h
1583,17726,1054238,2020-04-07-14h
1584,17727,1054239,2020-04-07-15h
1585,17728,1054240,2020-04-07-16h
1586,17729,1054241,2020-04-07-17h
1587,17730,1054242,2020-04-07-18h
1588,17731,1054243,2020-04-07-19h
1589,17732,1054244,2020-04-07-20h
1590,17733,1054245,2020-04-07-21h
1591,17734,1054246,2020-04-07-22h
1592,17735,1054247,2020-04-07-23h
1593,17736,1054248,2020-04-08-00h
1594,17737,1054249,2020-04-08-01h
1595,17738,1054250,2020-04-08-02h
1596,17739,1054251,2020-04-08-03h
1597,17740,1054252,2020-04-08-04h
1598,17762,1054274,2020-04-09-02h
1599,17770,1054282,2020-04-09-10h
1600,17771,1054283,2020-04-09-11h
1601,17772,1054284,2020-04-09-12h
1602,17773,1054285,2020-04-09-13h
1603,17774,1054286,2020-04-09-14h
1604,17775,1054287,2020-04-09-15h
1605,17776,1054288,2020-04-09-16h
1606,17777,1054289,2020-04-09-17h
1607,17778,1054290,2020-04-09-18h
1608,17779,1054291,2020-04-09-19h
1609,17780,1054292,2020-04-09-20h
1610,17781,1054293,2020-04-09-21h
1611,17782,1054294,2020-04-09-22h
1612,17783,1054295,2020-04-09-23h
1613,17784,1054296,2020-04-10-00h
1614,17785,1054297,2020-04-10-01h
1615,17786,1054298,2020-04-10-02h
1616,17823,1054335,2020-04-11-15h
1617,17824,1054336,2020-04-11-16h
1618,17825,1054337,2020-04-11-17h
1619,17826,1054338,2020-04-11-18h
1620,17827,1054339,2020-04-11-19h
1621,17828,1054340,2020-04-11-20h
1622,17829,1054341,2020-04-11-21h
1623,17830,1054342,2020-04-11-22h
1624,17831,1054343,2020-04-11-23h
1625,17832,1054344,2020-04-12-00h
1626,17833,1054345,2020-04-12-01h
1627,17834,1054346,2020-04-12-02h
1628,17835,1054347,2020-04-12-03h
1629,17836,1054348,2020-04-12-04h
1630,17837,1054349,2020-04-12-05h
1631,17838,1054350,2020-04-12-06h
1632,17839,1054351,2020-04-12-07h
1633,17861,1054373,2020-04-13-05h
1634,17862,1054374,2020-04-13-06h
1635,17863,1054375,2020-04-13-07h
1636,17864,1054376,2020-04-13-08h
1637,18055,1054567,2020-04-21-07h
1638,18056,1054568,2020-04-21-08h
1639,18057,1054569,2020-04-21-09h
1640,18058,1054570,2020-04-21-10h
1641,18059,1054571,2020-04-21-11h
1642,18060,1054572,2020-04-21-12h
1643,18061,1054573,2020-04-21-13h
1644,18062,1054574,2020-04-21-14h
1645,18063,1054575,2020-04-21-15h
1646,18064,1054576,2020-04-21-16h
1647,18065,1054577,2020-04-21-17h
1648,18066,1054578,2020-04-21-18h
1649,18067,1054579,2020-04-21-19h
1650,18068,1054580,2020-04-21-20h
1651,18069,1054581,2020-04-21-21h
1652,18070,1054582,2020-04-21-22h
1653,18071,1054583,2020-04-21-23h
1654,18072,1054584,2020-04-22-00h
1655,18073,1054585,2020-04-22-01h
1656,18074,1054586,2020-04-22-02h
1657,18075,1054587,2020-04-22-03h
1658,18076,1054588,2020-04-22-04h
1659,18077,1054589,2020-04-22-05h
1660,18078,1054590,2020-04-22-06h
1661,18079,1054591,2020-04-22-07h
1662,18080,1054592,2020-04-22-08h
1663,18081,1054593,2020-04-22-09h
1664,18082,1054594,2020-04-22-10h
1665,18083,1054595,2020-04-22-11h
1666,18084,1054596,2020-04-22-12h
1667,18085,1054597,2020-04-22-13h
1668,18086,1054598,2020-04-22-14h
1669,18087,1054599,2020-04-22-15h
1670,18088,1054600,2020-04-22-16h
1671,18089,1054601,2020-04-22-17h
1672,18090,1054602,2020-04-22-18h
1673,18091,1054603,2020-04-22-19h
1674,18092,1054604,2020-04-22-20h
1675,18093,1054605,2020-04-22-21h
1676,18094,1054606,2020-04-22-22h
1677,18095,1054607,2020-04-22-23h
1678,18096,1054608,2020-04-23-00h
1679,18097,1054609,2020-04-23-01h
1680,18098,1054610,2020-04-23-02h
1681,18099,1054611,2020-04-23-03h
1682,18100,1054612,2020-04-23-04h
1683,18101,1054613,2020-04-23-05h
1684,18102,1054614,2020-04-23-06h
1685,18103,1054615,2020-04-23-07h
1686,18104,1054616,2020-04-23-08h
1687,18105,1054617,2020-04-23-09h
1688,18106,1054618,2020-04-23-10h
1689,18107,1054619,2020-04-23-11h
1690,18108,1054620,2020-04-23-12h
1691,18109,1054621,2020-04-23-13h
1692,18110,1054622,2020-04-23-14h
1693,18111,1054623,2020-04-23-15h
1694,18112,1054624,2020-04-23-16h
1695,18113,1054625,2020-04-23-17h
1696,18114,1054626,2020-04-23-18h
1697,18115,1054627,2020-04-23-19h
1698,18116,1054628,2020-04-23-20h
1699,18117,1054629,2020-04-23-21h
1700,18118,1054630,2020-04-23-22h
1701,18119,1054631,2020-04-23-23h
1702,18120,1054632,2020-04-24-00h
1703,18121,1054633,2020-04-24-01h
1704,18122,1054634,2020-04-24-02h
1705,18123,1054635,2020-04-24-03h
1706,18124,1054636,2020-04-24-04h
1707,18125,1054637,2020-04-24-05h
1708,18126,1054638,2020-04-24-06h
1709,18127,1054639,2020-04-24-07h
1710,18128,1054640,2020-04-24-08h
1711,18129,1054641,2020-04-24-09h
1712,18130,1054642,2020-04-24-10h
1713,18131,1054643,2020-04-24-11h
1714,18132,1054644,2020-04-24-12h
1715,18133,1054645,2020-04-24-13h
1716,18134,1054646,2020-04-24-14h
1717,18135,1054647,2020-04-24-15h
1718,18136,1054648,2020-04-24-16h
1719,18209,1054721,2020-04-27-17h
1720,18210,1054722,2020-04-27-18h
1721,18211,1054723,2020-04-27-19h
1722,18212,1054724,2020-04-27-20h
1723,18213,1054725,2020-04-27-21h
1724,18214,1054726,2020-04-27-22h
1725,18215,1054727,2020-04-27-23h
1726,18216,1054728,2020-04-28-00h
1727,18217,1054729,2020-04-28-01h
1728,18218,1054730,2020-04-28-02h
1729,18219,1054731,2020-04-28-03h
1730,18220,1054732,2020-04-28-04h
1731,18221,1054733,2020-04-28-05h
1732,18222,1054734,2020-04-28-06h
1733,18223,1054735,2020-04-28-07h
1734,18224,1054736,2020-04-28-08h
1735,18225,1054737,2020-04-28-09h
1736,18226,1054738,2020-04-28-10h
1737,18227,1054739,2020-04-28-11h
1738,18228,1054740,2020-04-28-12h
1739,18229,1054741,2020-04-28-13h
1740,18230,1054742,2020-04-28-14h
1741,18576,1055088,2020-05-13-00h
1742,18577,1055089,2020-05-13-01h
1743,18578,1055090,2020-05-13-02h
1744,18795,1055307,2020-05-22-03h
1745,18796,1055308,2020-05-22-04h
1746,18797,1055309,2020-05-22-05h
1747,18798,1055310,2020-05-22-06h
1748,18799,1055311,2020-05-22-07h
1749,18800,1055312,2020-05-22-08h
1750,18801,1055313,2020-05-22-09h
1751,18802,1055314,2020-05-22-10h
1752,18803,1055315,2020-05-22-11h
1753,18804,1055316,2020-05-22-12h
1754,18805,1055317,2020-05-22-13h
1755,18806,1055318,2020-05-22-14h
1756,18807,1055319,2020-05-22-15h
1757,18808,1055320,2020-05-22-16h
1758,18809,1055321,2020-05-22-17h
1759,18810,1055322,2020-05-22-18h
1760,18811,1055323,2020-05-22-19h
1761,18812,1055324,2020-05-22-20h
1762,18813,1055325,2020-05-22-21h
1763,18814,1055326,2020-05-22-22h
1764,18815,1055327,2020-05-22-23h
1765,18816,1055328,2020-05-23-00h
1766,18817,1055329,2020-05-23-01h
1767,18818,1055330,2020-05-23-02h
1768,20561,1062905,2021-04-03-17h
1769,20562,1062906,2021-04-03-18h
1770,20563,1062907,2021-04-03-19h
1771,20564,1062908,2021-04-03-20h
1772,20565,1062909,2021-04-03-21h
1773,20566,1062910,2021-04-03-22h
1774,20567,1062911,2021-04-03-23h
1775,20568,1062912,2021-04-04-00h
1776,20569,1062913,2021-04-04-01h
1777,20570,1062914,2021-04-04-02h
1778,20571,1062915,2021-04-04-03h
1779,20572,1062916,2021-04-04-04h
1780,20573,1062917,2021-04-04-05h
1781,20574,1062918,2021-04-04-06h
1782,20575,1062919,2021-04-04-07h
1783,20576,1062920,2021-04-04-08h
1784,20577,1062921,2021-04-04-09h
1785,20578,1062922,2021-04-04-10h
1786,20579,1062923,2021-04-04-11h
1787,20580,1062924,2021-04-04-12h
1788,20581,1062925,2021-04-04-13h
1789,20582,1062926,2021-04-04-14h
1790,20583,1062927,2021-04-04-15h
1791,20584,1062928,2021-04-04-16h
1792,20585,1062929,2021-04-04-17h
1793,20586,1062930,2021-04-04-18h
1794,20587,1062931,2021-04-04-19h
1795,20588,1062932,2021-04-04-20h
1796,20589,1062933,2021-04-04-21h
1797,20590,1062934,2021-04-04-22h
1798,20591,1062935,2021-04-04-23h
1799,20592,1062936,2021-04-05-00h
1800,20593,1062937,2021-04-05-01h
1801,20594,1062938,2021-04-05-02h
1802,20595,1062939,2021-04-05-03h
1803,20596,1062940,2021-04-05-04h
1804,20597,1062941,2021-04-05-05h
1805,20598,1062942,2021-04-05-06h
1806,20599,1062943,2021-04-05-07h
1807,20600,1062944,2021-04-05-08h
1808,20601,1062945,2021-04-05-09h
1809,20602,1062946,2021-04-05-10h
1810,20603,1062947,2021-04-05-11h
1811,20604,1062948,2021-04-05-12h
1812,20605,1062949,2021-04-05-13h
1813,20606,1062950,2021-04-05-14h
1814,20607,1062951,2021-04-05-15h
1815,20608,1062952,2021-04-05-16h
1816,20609,1062953,2021-04-05-17h
1817,20610,1062954,2021-04-05-18h
1818,20611,1062955,2021-04-05-19h
1819,20612,1062956,2021-04-05-20h
1820,20613,1062957,2021-04-05-21h
1821,20622,1062966,2021-04-06-06h
1822,20623,1062967,2021-04-06-07h
1823,20624,1062968,2021-04-06-08h
1824,20625,1062969,2021-04-06-09h
1825,20626,1062970,2021-04-06-10h
1826,20627,1062971,2021-04-06-11h
1827,20628,1062972,2021-04-06-12h
1828,20629,1062973,2021-04-06-13h
1829,20630,1062974,2021-04-06-14h
1830,20631,1062975,2021-04-06-15h
1831,20632,1062976,2021-04-06-16h
1832,20633,1062977,2021-04-06-17h
1833,20634,1062978,2021-04-06-18h
1834,20635,1062979,2021-04-06-19h
1835,20636,1062980,2021-04-06-20h
1836,20637,1062981,2021-04-06-21h
1837,20638,1062982,2021-04-06-22h
1838,20639,1062983,2021-04-06-23h
1839,20640,1062984,2021-04-07-00h
1840,20641,1062985,2021-04-07-01h
1841,20642,1062986,2021-04-07-02h
1842,20643,1062987,2021-04-07-03h
1843,20664,1063008,2021-04-08-00h
1844,20665,1063009,2021-04-08-01h
1845,20666,1063010,2021-04-08-02h
1846,20667,1063011,2021-04-08-03h
1847,20668,1063012,2021-04-08-04h
1848,20669,1063013,2021-04-08-05h
1849,20670,1063014,2021-04-08-06h
1850,20671,1063015,2021-04-08-07h
1851,20672,1063016,2021-04-08-08h
1852,20673,1063017,2021-04-08-09h
1853,20674,1063018,2021-04-08-10h
1854,20675,1063019,2021-04-08-11h
1855,20676,1063020,2021-04-08-12h
1856,20677,1063021,2021-04-08-13h
1857,20678,1063022,2021-04-08-14h
1858,20679,1063023,2021-04-08-15h
1859,20680,1063024,2021-04-08-16h
1860,20681,1063025,2021-04-08-17h
1861,20682,1063026,2021-04-08-18h
1862,20683,1063027,2021-04-08-19h
1863,20684,1063028,2021-04-08-20h
1864,20685,1063029,2021-04-08-21h
1865,20686,1063030,2021-04-08-22h
1866,20687,1063031,2021-04-08-23h
1867,20688,1063032,2021-04-09-00h
1868,20689,1063033,2021-04-09-01h
1869,20690,1063034,2021-04-09-02h
1870,20691,1063035,2021-04-09-03h
1871,20692,1063036,2021-04-09-04h
1872,20693,1063037,2021-04-09-05h
1873,20694,1063038,2021-04-09-06h
1874,20695,1063039,2021-04-09-07h
1875,20696,1063040,2021-04-09-08h
1876,20697,1063041,2021-04-09-09h
1877,20698,1063042,2021-04-09-10h
1878,20699,1063043,2021-04-09-11h
1879,20700,1063044,2021-04-09-12h
1880,20701,1063045,2021-04-09-13h
1881,20702,1063046,2021-04-09-14h
1882,20703,1063047,2021-04-09-15h
1883,20704,1063048,2021-04-09-16h
1884,20705,1063049,2021-04-09-17h
1885,20706,1063050,2021-04-09-18h
1886,20707,1063051,2021-04-09-19h
1887,20708,1063052,2021-04-09-20h
1888,20709,1063053,2021-04-09-21h
1889,20710,1063054,2021-04-09-22h
1890,20711,1063055,2021-04-09-23h
1891,20712,1063056,2021-04-10-00h
1892,20713,1063057,2021-04-10-01h
1893,20714,1063058,2021-04-10-02h
1894,20715,1063059,2021-04-10-03h
1895,20716,1063060,2021-04-10-04h
1896,20717,1063061,2021-04-10-05h
1897,20718,1063062,2021-04-10-06h
1898,20719,1063063,2021-04-10-07h
1899,20720,1063064,2021-04-10-08h
1900,20721,1063065,2021-04-10-09h
1901,20722,1063066,2021-04-10-10h
1902,20723,1063067,2021-04-10-11h
1903,20724,1063068,2021-04-10-12h
1904,20725,1063069,2021-04-10-13h
1905,20726,1063070,2021-04-10-14h
1906,20727,1063071,2021-04-10-15h
1907,20728,1063072,2021-04-10-16h
1908,20729,1063073,2021-04-10-17h
1909,20730,1063074,2021-04-10-18h
1910,20731,1063075,2021-04-10-19h
1911,20732,1063076,2021-04-10-20h
1912,20733,1063077,2021-04-10-21h
1913,20795,1063139,2021-04-13-11h
1914,20796,1063140,2021-04-13-12h
1915,20797,1063141,2021-04-13-13h
1916,20798,1063142,2021-04-13-14h
1917,20799,1063143,2021-04-13-15h
1918,20800,1063144,2021-04-13-16h
1919,20801,1063145,2021-04-13-17h
1920,20802,1063146,2021-04-13-18h
1921,20803,1063147,2021-04-13-19h
1922,20804,1063148,2021-04-13-20h
1923,20805,1063149,2021-04-13-21h
1924,20806,1063150,2021-04-13-22h
1925,20807,1063151,2021-04-13-23h
1926,20808,1063152,2021-04-14-00h
1927,20809,1063153,2021-04-14-01h
1928,20810,1063154,2021-04-14-02h
1929,20811,1063155,2021-04-14-03h
1930,20812,1063156,2021-04-14-04h
1931,20813,1063157,2021-04-14-05h
1932,20814,1063158,2021-04-14-06h
1933,20815,1063159,2021-04-14-07h
1934,20816,1063160,2021-04-14-08h
1935,20817,1063161,2021-04-14-09h
1936,20818,1063162,2021-04-14-10h
1937,20819,1063163,2021-04-14-11h
1938,20820,1063164,2021-04-14-12h
1939,20821,1063165,2021-04-14-13h
1940,20822,1063166,2021-04-14-14h
1941,20823,1063167,2021-04-14-15h
1942,20824,1063168,2021-04-14-16h
1943,20825,1063169,2021-04-14-17h
1944,20826,1063170,2021-04-14-18h
1945,20827,1063171,2021-04-14-19h
1946,20828,1063172,2021-04-14-20h
1947,20829,1063173,2021-04-14-21h
1948,20830,1063174,2021-04-14-22h
1949,20876,1063220,2021-04-16-20h
1950,20877,1063221,2021-04-16-21h
1951,20878,1063222,2021-04-16-22h
1952,20879,1063223,2021-04-16-23h
1953,20880,1063224,2021-04-17-00h
1954,20881,1063225,2021-04-17-01h
1955,20882,1063226,2021-04-17-02h
1956,20883,1063227,2021-04-17-03h
1957,20884,1063228,2021-04-17-04h
1958,20885,1063229,2021-04-17-05h
1959,20886,1063230,2021-04-17-06h
1960,20887,1063231,2021-04-17-07h
1961,20888,1063232,2021-04-17-08h
1962,21075,1063419,2021-04-25-03h
1963,21076,1063420,2021-04-25-04h
1964,21077,1063421,2021-04-25-05h
1965,21078,1063422,2021-04-25-06h
1966,21079,1063423,2021-04-25-07h
1967,21080,1063424,2021-04-25-08h
1968,21081,1063425,2021-04-25-09h
1969,21082,1063426,2021-04-25-10h
1970,21083,1063427,2021-04-25-11h
1971,21084,1063428,2021-04-25-12h
1972,21085,1063429,2021-04-25-13h
1973,21086,1063430,2021-04-25-14h
1974,21087,1063431,2021-04-25-15h
1975,21088,1063432,2021-04-25-16h
1976,21089,1063433,2021-04-25-17h
1977,21090,1063434,2021-04-25-18h
1978,21091,1063435,2021-04-25-19h
1979,21092,1063436,2021-04-25-20h
1980,21093,1063437,2021-04-25-21h
1981,21094,1063438,2021-04-25-22h
1982,21095,1063439,2021-04-25-23h
1983,21096,1063440,2021-04-26-00h
1984,21097,1063441,2021-04-26-01h
1985,21098,1063442,2021-04-26-02h
1986,21099,1063443,2021-04-26-03h
1987,21100,1063444,2021-04-26-04h
1988,21101,1063445,2021-04-26-05h
1989,21102,1063446,2021-04-26-06h
1990,21253,1063597,2021-05-02-13h
1991,21254,1063598,2021-05-02-14h
1992,21255,1063599,2021-05-02-15h
1993,21256,1063600,2021-05-02-16h
1994,21257,1063601,2021-05-02-17h
1995,21313,1063657,2021-05-05-01h
1996,21314,1063658,2021-05-05-02h
1997,21315,1063659,2021-05-05-03h
1998,21316,1063660,2021-05-05-04h
1999,21317,1063661,2021-05-05-05h
2000,21318,1063662,2021-05-05-06h
2001,21319,1063663,2021-05-05-07h
2002,21320,1063664,2021-05-05-08h
2003,21321,1063665,2021-05-05-09h
2004,21322,1063666,2021-05-05-10h
2005,21323,1063667,2021-05-05-11h
2006,21324,1063668,2021-05-05-12h
2007,21325,1063669,2021-05-05-13h
2008,21326,1063670,2021-05-05-14h
2009,21327,1063671,2021-05-05-15h
2010,21328,1063672,2021-05-05-16h
2011,21329,1063673,2021-05-05-17h
2012,21330,1063674,2021-05-05-18h
2013,21331,1063675,2021-05-05-19h
2014,23428,1071604,2022-04-01-04h
2015,23429,1071605,2022-04-01-05h
2016,23430,1071606,2022-04-01-06h
2017,23431,1071607,2022-04-01-07h
2018,23432,1071608,2022-04-01-08h
2019,23433,1071609,2022-04-01-09h
2020,23434,1071610,2022-04-01-10h
2021,23435,1071611,2022-04-01-11h
2022,23436,1071612,2022-04-01-12h
2023,23437,1071613,2022-04-01-13h
2024,23438,1071614,2022-04-01-14h
2025,23439,1071615,2022-04-01-15h
2026,23440,1071616,2022-04-01-16h
2027,23441,1071617,2022-04-01-17h
2028,23442,1071618,2022-04-01-18h
2029,23443,1071619,2022-04-01-19h
2030,23444,1071620,2022-04-01-20h
2031,23445,1071621,2022-04-01-21h
2032,23446,1071622,2022-04-01-22h
2033,23447,1071623,2022-04-01-23h
2034,23448,1071624,2022-04-02-00h
2035,23449,1071625,2022-04-02-01h
2036,23450,1071626,2022-04-02-02h
2037,23451,1071627,2022-04-02-03h
2038,23452,1071628,2022-04-02-04h
2039,23453,1071629,2022-04-02-05h
2040,23454,1071630,2022-04-02-06h
2041,23455,1071631,2022-04-02-07h
2042,23456,1071632,2022-04-02-08h
2043,23457,1071633,2022-04-02-09h
2044,23458,1071634,2022-04-02-10h
2045,23459,1071635,2022-04-02-11h
2046,23460,1071636,2022-04-02-12h
2047,23461,1071637,2022-04-02-13h
2048,23462,1071638,2022-04-02-14h
2049,23463,1071639,2022-04-02-15h
2050,23464,1071640,2022-04-02-16h
2051,23465,1071641,2022-04-02-17h
2052,23466,1071642,2022-04-02-18h
2053,23467,1071643,2022-04-02-19h
2054,23468,1071644,2022-04-02-20h
2055,23469,1071645,2022-04-02-21h
2056,23470,1071646,2022-04-02-22h
2057,23471,1071647,2022-04-02-23h
2058,23472,1071648,2022-04-03-00h
2059,23473,1071649,2022-04-03-01h
2060,23474,1071650,2022-04-03-02h
2061,23475,1071651,2022-04-03-03h
2062,23476,1071652,2022-04-03-04h
2063,23477,1071653,2022-04-03-05h
2064,23478,1071654,2022-04-03-06h
2065,23479,1071655,2022-04-03-07h
2066,23480,1071656,2022-04-03-08h
2067,23481,1071657,2022-04-03-09h
2068,23482,1071658,2022-04-03-10h
2069,23483,1071659,2022-04-03-11h
2070,23484,1071660,2022-04-03-12h
2071,23485,1071661,2022-04-03-13h
2072,23486,1071662,2022-04-03-14h
2073,23487,1071663,2022-04-03-15h
2074,23488,1071664,2022-04-03-16h
2075,23489,1071665,2022-04-03-17h
2076,23490,1071666,2022-04-03-18h
2077,23491,1071667,2022-04-03-19h
2078,23492,1071668,2022-04-03-20h
2079,23493,1071669,2022-04-03-21h
2080,23494,1071670,2022-04-03-22h
2081,23495,1071671,2022-04-03-23h
2082,23496,1071672,2022-04-04-00h
2083,23497,1071673,2022-04-04-01h
2084,23498,1071674,2022-04-04-02h
2085,23499,1071675,2022-04-04-03h
2086,23500,1071676,2022-04-04-04h
2087,23501,1071677,2022-04-04-05h
2088,23502,1071678,2022-04-04-06h
2089,23503,1071679,2022-04-04-07h
2090,23504,1071680,2022-04-04-08h
2091,23505,1071681,2022-04-04-09h
2092,23506,1071682,2022-04-04-10h
2093,23507,1071683,2022-04-04-11h
2094,23508,1071684,2022-04-04-12h
2095,23509,1071685,2022-04-04-13h
2096,23510,1071686,2022-04-04-14h
2097,23511,1071687,2022-04-04-15h
2098,23512,1071688,2022-04-04-16h
2099,23513,1071689,2022-04-04-17h
2100,23553,1071729,2022-04-06-09h
2101,23554,1071730,2022-04-06-10h
2102,23555,1071731,2022-04-06-11h
2103,23556,1071732,2022-04-06-12h
2104,23557,1071733,2022-04-06-13h
2105,23558,1071734,2022-04-06-14h
2106,23559,1071735,2022-04-06-15h
2107,23560,1071736,2022-04-06-16h
2108,23561,1071737,2022-04-06-17h
2109,23562,1071738,2022-04-06-18h
2110,23563,1071739,2022-04-06-19h
2111,23564,1071740,2022-04-06-20h
2112,23565,1071741,2022-04-06-21h
2113,23566,1071742,2022-04-06-22h
2114,23567,1071743,2022-04-06-23h
2115,23568,1071744,2022-04-07-00h
2116,23569,1071745,2022-04-07-01h
2117,23570,1071746,2022-04-07-02h
2118,23571,1071747,2022-04-07-03h
2119,23572,1071748,2022-04-07-04h
2120,23573,1071749,2022-04-07-05h
2121,23574,1071750,2022-04-07-06h
2122,23575,1071751,2022-04-07-07h
2123,23576,1071752,2022-04-07-08h
2124,23577,1071753,2022-04-07-09h
2125,23578,1071754,2022-04-07-10h
2126,23579,1071755,2022-04-07-11h
2127,23580,1071756,2022-04-07-12h
2128,23581,1071757,2022-04-07-13h
2129,23582,1071758,2022-04-07-14h
2130,23583,1071759,2022-04-07-15h
2131,23584,1071760,2022-04-07-16h
2132,23585,1071761,2022-04-07-17h
2133,23586,1071762,2022-04-07-18h
2134,23587,1071763,2022-04-07-19h
2135,23588,1071764,2022-04-07-20h
2136,23589,1071765,2022-04-07-21h
2137,23590,1071766,2022-04-07-22h
2138,23591,1071767,2022-04-07-23h
2139,23592,1071768,2022-04-08-00h
2140,23593,1071769,2022-04-08-01h
2141,23594,1071770,2022-04-08-02h
2142,23595,1071771,2022-04-08-03h
2143,23596,1071772,2022-04-08-04h
2144,23597,1071773,2022-04-08-05h
2145,23598,1071774,2022-04-08-06h
2146,23599,1071775,2022-04-08-07h
2147,23600,1071776,2022-04-08-08h
2148,23601,1071777,2022-04-08-09h
2149,23602,1071778,2022-04-08-10h
2150,23603,1071779,2022-04-08-11h
2151,23604,1071780,2022-04-08-12h
2152,23605,1071781,2022-04-08-13h
2153,23606,1071782,2022-04-08-14h
2154,23607,1071783,2022-04-08-15h
2155,23608,1071784,2022-04-08-16h
2156,23609,1071785,2022-04-08-17h
2157,23610,1071786,2022-04-08-18h
2158,23611,1071787,2022-04-08-19h
2159,23612,1071788,2022-04-08-20h
2160,23613,1071789,2022-04-08-21h
2161,23743,1071919,2022-04-14-07h
2162,23744,1071920,2022-04-14-08h
2163,23745,1071921,2022-04-14-09h
2164,23746,1071922,2022-04-14-10h
2165,23747,1071923,2022-04-14-11h
2166,23748,1071924,2022-04-14-12h
2167,23749,1071925,2022-04-14-13h
2168,23750,1071926,2022-04-14-14h
2169,23751,1071927,2022-04-14-15h
2170,23752,1071928,2022-04-14-16h
2171,23753,1071929,2022-04-14-17h
2172,23754,1071930,2022-04-14-18h
2173,23755,1071931,2022-04-14-19h
2174,23756,1071932,2022-04-14-20h
2175,23757,1071933,2022-04-14-21h
2176,23758,1071934,2022-04-14-22h
2177,23759,1071935,2022-04-14-23h
2178,23760,1071936,2022-04-15-00h
2179,23761,1071937,2022-04-15-01h
2180,23762,1071938,2022-04-15-02h
2181,23763,1071939,2022-04-15-03h
2182,23764,1071940,2022-04-15-04h
2183,23765,1071941,2022-04-15-05h
2184,23766,1071942,2022-04-15-06h
2185,23767,1071943,2022-04-15-07h
2186,23768,1071944,2022-04-15-08h
2187,23769,1071945,2022-04-15-09h
2188,23770,1071946,2022-04-15-10h
2189,23771,1071947,2022-04-15-11h
2190,23772,1071948,2022-04-15-12h
2191,23773,1071949,2022-04-15-13h
2192,23774,1071950,2022-04-15-14h
2193,23775,1071951,2022-04-15-15h
2194,23776,1071952,2022-04-15-16h
2195,23777,1071953,2022-04-15-17h
2196,23778,1071954,2022-04-15-18h
2197,23779,1071955,2022-04-15-19h
2198,23780,1071956,2022-04-15-20h
2199,23781,1071957,2022-04-15-21h
2200,23782,1071958,2022-04-15-22h
2201,23783,1071959,2022-04-15-23h
2202,23784,1071960,2022-04-16-00h
2203,23785,1071961,2022-04-16-01h
2204,23786,1071962,2022-04-16-02h
2205,23787,1071963,2022-04-16-03h
2206,23788,1071964,2022-04-16-04h
2207,23789,1071965,2022-04-16-05h
2208,23790,1071966,2022-04-16-06h
2209,23791,1071967,2022-04-16-07h
2210,23792,1071968,2022-04-16-08h
2211,23793,1071969,2022-04-16-09h
2212,23794,1071970,2022-04-16-10h
2213,23795,1071971,2022-04-16-11h
2214,23796,1071972,2022-04-16-12h
2215,23797,1071973,2022-04-16-13h
2216,23798,1071974,2022-04-16-14h
2217,23799,1071975,2022-04-16-15h
2218,23800,1071976,2022-04-16-16h
2219,23801,1071977,2022-04-16-17h
2220,23802,1071978,2022-04-16-18h
2221,23803,1071979,2022-04-16-19h
2222,23804,1071980,2022-04-16-20h
2223,23805,1071981,2022-04-16-21h
2224,23806,1071982,2022-04-16-22h
2225,23807,1071983,2022-04-16-23h
2226,23808,1071984,2022-04-17-00h
2227,23809,1071985,2022-04-17-01h
2228,23810,1071986,2022-04-17-02h
2229,23811,1071987,2022-04-17-03h
2230,23812,1071988,2022-04-17-04h
2231,23813,1071989,2022-04-17-05h
2232,23814,1071990,2022-04-17-06h
2233,23815,1071991,2022-04-17-07h
2234,23816,1071992,2022-04-17-08h
2235,23817,1071993,2022-04-17-09h
2236,23818,1071994,2022-04-17-10h
2237,23819,1071995,2022-04-17-11h
2238,23822,1071998,2022-04-17-14h
2239,23849,1072025,2022-04-18-17h
2240,23850,1072026,2022-04-18-18h
2241,23851,1072027,2022-04-18-19h
2242,23852,1072028,2022-04-18-20h
2243,23853,1072029,2022-04-18-21h
2244,23854,1072030,2022-04-18-22h
2245,23855,1072031,2022-04-18-23h
2246,23856,1072032,2022-04-19-00h
2247,23857,1072033,2022-04-19-01h
2248,23858,1072034,2022-04-19-02h
2249,23859,1072035,2022-04-19-03h
2250,23860,1072036,2022-04-19-04h
2251,23861,1072037,2022-04-19-05h
2252,23862,1072038,2022-04-19-06h
2253,23863,1072039,2022-04-19-07h
2254,23864,1072040,2022-04-19-08h
2255,23865,1072041,2022-04-19-09h
2256,23866,1072042,2022-04-19-10h
2257,23867,1072043,2022-04-19-11h
2258,23868,1072044,2022-04-19-12h
2259,23869,1072045,2022-04-19-13h
2260,23870,1072046,2022-04-19-14h
2261,23871,1072047,2022-04-19-15h
2262,24105,1072281,2022-04-29-09h
2263,24106,1072282,2022-04-29-10h
2264,24107,1072283,2022-04-29-11h
2265,24108,1072284,2022-04-29-12h
2266,24109,1072285,2022-04-29-13h
2267,24110,1072286,2022-04-29-14h
2268,24111,1072287,2022-04-29-15h
2269,24112,1072288,2022-04-29-16h
2270,24113,1072289,2022-04-29-17h
2271,24114,1072290,2022-04-29-18h
2272,24115,1072291,2022-04-29-19h
2273,24116,1072292,2022-04-29-20h
2274,24117,1072293,2022-04-29-21h
2275,24118,1072294,2022-04-29-22h
2276,24119,1072295,2022-04-29-23h
2277,24120,1072296,2022-04-30-00h
2278,24121,1072297,2022-04-30-01h
2279,24122,1072298,2022-04-30-02h
2280,24123,1072299,2022-04-30-03h
2281,24124,1072300,2022-04-30-04h
2282,24125,1072301,2022-04-30-05h
2283,24126,1072302,2022-04-30-06h
2284,24127,1072303,2022-04-30-07h
2285,24128,1072304,2022-04-30-08h
2286,24129,1072305,2022-04-30-09h
2287,24130,1072306,2022-04-30-10h
2288,24131,1072307,2022-04-30-11h
2289,24132,1072308,2022-04-30-12h
2290,24133,1072309,2022-04-30-13h
2291,24134,1072310,2022-04-30-14h
2292,24135,1072311,2022-04-30-15h
2293,24136,1072312,2022-04-30-16h
2294,24137,1072313,2022-04-30-17h
2295,24138,1072314,2022-04-30-18h
2296,24139,1072315,2022-04-30-19h
2297,24140,1072316,2022-04-30-20h
2298,24141,1072317,2022-04-30-21h
2299,24142,1072318,2022-04-30-22h
2300,24143,1072319,2022-04-30-23h
2301,24144,1072320,2022-05-01-00h
2302,24145,1072321,2022-05-01-01h
2303,24146,1072322,2022-05-01-02h
2304,24147,1072323,2022-05-01-03h
2305,24148,1072324,2022-05-01-04h
2306,24149,1072325,2022-05-01-05h
2307,24150,1072326,2022-05-01-06h
2308,24151,1072327,2022-05-01-07h
2309,24152,1072328,2022-05-01-08h
2310,24153,1072329,2022-05-01-09h
2311,24154,1072330,2022-05-01-10h
2312,24155,1072331,2022-05-01-11h
2313,24156,1072332,2022-05-01-12h
2314,24157,1072333,2022-05-01-13h
2315,24158,1072334,2022-05-01-14h
2316,24159,1072335,2022-05-01-15h
2317,24160,1072336,2022-05-01-16h
2318,24161,1072337,2022-05-01-17h
2319,24162,1072338,2022-05-01-18h
2320,24163,1072339,2022-05-01-19h
2321,24164,1072340,2022-05-01-20h
2322,24165,1072341,2022-05-01-21h
2323,24166,1072342,2022-05-01-22h
2324,24167,1072343,2022-05-01-23h
2325,24168,1072344,2022-05-02-00h
2326,24169,1072345,2022-05-02-01h
2327,24170,1072346,2022-05-02-02h
2328,24171,1072347,2022-05-02-03h
2329,24172,1072348,2022-05-02-04h
2330,24173,1072349,2022-05-02-05h
2331,24174,1072350,2022-05-02-06h
2332,24175,1072351,2022-05-02-07h
2333,24176,1072352,2022-05-02-08h
2334,24177,1072353,2022-05-02-09h
2335,24178,1072354,2022-05-02-10h
2336,24179,1072355,2022-05-02-11h
2337,24180,1072356,2022-05-02-12h
2338,24181,1072357,2022-05-02-13h
2339,24182,1072358,2022-05-02-14h
2340,24183,1072359,2022-05-02-15h
2341,24184,1072360,2022-05-02-16h
2342,24185,1072361,2022-05-02-17h
2343,24186,1072362,2022-05-02-18h
2344,24187,1072363,2022-05-02-19h
2345,24188,1072364,2022-05-02-20h
2346,24189,1072365,2022-05-02-21h
2347,24190,1072366,2022-05-02-22h
2348,24191,1072367,2022-05-02-23h
2349,24192,1072368,2022-05-03-00h
2350,24193,1072369,2022-05-03-01h
2351,24194,1072370,2022-05-03-02h
2352,24195,1072371,2022-05-03-03h
2353,24196,1072372,2022-05-03-04h
2354,24197,1072373,2022-05-03-05h
2355,24198,1072374,2022-05-03-06h
2356,24199,1072375,2022-05-03-07h
2357,24200,1072376,2022-05-03-08h
2358,24201,1072377,2022-05-03-09h
2359,24202,1072378,2022-05-03-10h
2360,24203,1072379,2022-05-03-11h
2361,24204,1072380,2022-05-03-12h
2362,24205,1072381,2022-05-03-13h
2363,24206,1072382,2022-05-03-14h
2364,24207,1072383,2022-05-03-15h
2365,24208,1072384,2022-05-03-16h
2366,24209,1072385,2022-05-03-17h
2367,24210,1072386,2022-05-03-18h
2368,24211,1072387,2022-05-03-19h
2369,24212,1072388,2022-05-03-20h
2370,24213,1072389,2022-05-03-21h
2371,24214,1072390,2022-05-03-22h
2372,24215,1072391,2022-05-03-23h
2373,24216,1072392,2022-05-04-00h
2374,24217,1072393,2022-05-04-01h
2375,24218,1072394,2022-05-04-02h
2376,24219,1072395,2022-05-04-03h
2377,24220,1072396,2022-05-04-04h
2378,24221,1072397,2022-05-04-05h
2379,24222,1072398,2022-05-04-06h
2380,24223,1072399,2022-05-04-07h
2381,24224,1072400,2022-05-04-08h
2382,24225,1072401,2022-05-04-09h
2383,24226,1072402,2022-05-04-10h
2384,24227,1072403,2022-05-04-11h
2385,24228,1072404,2022-05-04-12h
2386,24229,1072405,2022-05-04-13h
2387,24230,1072406,2022-05-04-14h
2388,24231,1072407,2022-05-04-15h
2389,24232,1072408,2022-05-04-16h
2390,24233,1072409,2022-05-04-17h
2391,24234,1072410,2022-05-04-18h
2392,24235,1072411,2022-05-04-19h
2393,24236,1072412,2022-05-04-20h
2394,24237,1072413,2022-05-04-21h
2395,24238,1072414,2022-05-04-22h
2396,24239,1072415,2022-05-04-23h
2397,24240,1072416,2022-05-05-00h
2398,24241,1072417,2022-05-05-01h
2399,24242,1072418,2022-05-05-02h
2400,24243,1072419,2022-05-05-03h
2401,24250,1072426,2022-05-05-10h
2402,24251,1072427,2022-05-05-11h
2403,24252,1072428,2022-05-05-12h
2404,24253,1072429,2022-05-05-13h
2405,24301,1072477,2022-05-07-13h
2406,24302,1072478,2022-05-07-14h
2407,24303,1072479,2022-05-07-15h
2408,24304,1072480,2022-05-07-16h
2409,24305,1072481,2022-05-07-17h
2410,24306,1072482,2022-05-07-18h
2411,24307,1072483,2022-05-07-19h
2412,24308,1072484,2022-05-07-20h
2413,24309,1072485,2022-05-07-21h
2414,24310,1072486,2022-05-07-22h
2415,24311,1072487,2022-05-07-23h
2416,24312,1072488,2022-05-08-00h
2417,24313,1072489,2022-05-08-01h
2418,24314,1072490,2022-05-08-02h
2419,24315,1072491,2022-05-08-03h
2420,24446,1072622,2022-05-13-14h
2421,24447,1072623,2022-05-13-15h
2422,24448,1072624,2022-05-13-16h
2423,24449,1072625,2022-05-13-17h
2424,24450,1072626,2022-05-13-18h
2425,24451,1072627,2022-05-13-19h
2426,24452,1072628,2022-05-13-20h
2427,24453,1072629,2022-05-13-21h
2428,24454,1072630,2022-05-13-22h
2429,24455,1072631,2022-05-13-23h
2430,24456,1072632,2022-05-14-00h
2431,24457,1072633,2022-05-14-01h
2432,24458,1072634,2022-05-14-02h
2433,24459,1072635,2022-05-14-03h
2434,24460,1072636,2022-05-14-04h
2435,24461,1072637,2022-05-14-05h
2436,24462,1072638,2022-05-14-06h
2437,24463,1072639,2022-05-14-07h
2438,24464,1072640,2022-05-14-08h
2439,24465,1072641,2022-05-14-09h
2440,24466,1072642,2022-05-14-10h
2441,24467,1072643,2022-05-14-11h
2442,24468,1072644,2022-05-14-12h
2443,24469,1072645,2022-05-14-13h
2444,24470,1072646,2022-05-14-14h
2445,24471,1072647,2022-05-14-15h
2446,24472,1072648,2022-05-14-16h
2447,24473,1072649,2022-05-14-17h
2448,24474,1072650,2022-05-14-18h
2449,24475,1072651,2022-05-14-19h
2450,24476,1072652,2022-05-14-20h
2451,24477,1072653,2022-05-14-21h
2452,24478,1072654,2022-05-14-22h
2453,24479,1072655,2022-05-14-23h
2454,24480,1072656,2022-05-15-00h
2455,24481,1072657,2022-05-15-01h
2456,24482,1072658,2022-05-15-02h
2457,24483,1072659,2022-05-15-03h
2458,24484,1072660,2022-05-15-04h
2459,24485,1072661,2022-05-15-05h
2460,24486,1072662,2022-05-15-06h
2461,24487,1072663,2022-05-15-07h
2462,24488,1072664,2022-05-15-08h
2463,24489,1072665,2022-05-15-09h
2464,24490,1072666,2022-05-15-10h
2465,24491,1072667,2022-05-15-11h
2466,24492,1072668,2022-05-15-12h
2467,24493,1072669,2022-05-15-13h
2468,24494,1072670,2022-05-15-14h
2469,24495,1072671,2022-05-15-15h
2470,24496,1072672,2022-05-15-16h
2471,24497,1072673,2022-05-15-17h
2472,24498,1072674,2022-05-15-18h
2473,24499,1072675,2022-05-15-19h
2474,24500,1072676,2022-05-15-20h
2475,24501,1072677,2022-05-15-21h
2476,24502,1072678,2022-05-15-22h
2477,24503,1072679,2022-05-15-23h
2478,24504,1072680,2022-05-16-00h
2479,24505,1072681,2022-05-16-01h
2480,24506,1072682,2022-05-16-02h
2481,24507,1072683,2022-05-16-03h
2482,24508,1072684,2022-05-16-04h
2483,24509,1072685,2022-05-16-05h
2484,24510,1072686,2022-05-16-06h
2485,24511,1072687,2022-05-16-07h
2486,24512,1072688,2022-05-16-08h
2487,24513,1072689,2022-05-16-09h
2488,24514,1072690,2022-05-16-10h
2489,24515,1072691,2022-05-16-11h
2490,24516,1072692,2022-05-16-12h
2491,24517,1072693,2022-05-16-13h
2492,24518,1072694,2022-05-16-14h
2493,24519,1072695,2022-05-16-15h
2494,24520,1072696,2022-05-16-16h
2495,24521,1072697,2022-05-16-17h
2496,24522,1072698,2022-05-16-18h
2497,24523,1072699,2022-05-16-19h
2498,24524,1072700,2022-05-16-20h
2499,24525,1072701,2022-05-16-21h
2500,24526,1072702,2022-05-16-22h
2501,24527,1072703,2022-05-16-23h
2502,24528,1072704,2022-05-17-00h
2503,24529,1072705,2022-05-17-01h
2504,24530,1072706,2022-05-17-02h
2505,24531,1072707,2022-05-17-03h
2506,24532,1072708,2022-05-17-04h
2507,24533,1072709,2022-05-17-05h
2508,24534,1072710,2022-05-17-06h
2509,24535,1072711,2022-05-17-07h
2510,24536,1072712,2022-05-17-08h
2511,24537,1072713,2022-05-17-09h
2512,24538,1072714,2022-05-17-10h
2513,24539,1072715,2022-05-17-11h
2514,24540,1072716,2022-05-17-12h
2515,24541,1072717,2022-05-17-13h
2516,24542,1072718,2022-05-17-14h
2517,24543,1072719,2022-05-17-15h
2518,24544,1072720,2022-05-17-16h
2519,24545,1072721,2022-05-17-17h
2520,24546,1072722,2022-05-17-18h
2521,24547,1072723,2022-05-17-19h
2522,24548,1072724,2022-05-17-20h
2523,24549,1072725,2022-05-17-21h
2524,24550,1072726,2022-05-17-22h
2525,24551,1072727,2022-05-17-23h
2526,24552,1072728,2022-05-18-00h
2527,24553,1072729,2022-05-18-01h
2528,24554,1072730,2022-05-18-02h
2529,24555,1072731,2022-05-18-03h
2530,24556,1072732,2022-05-18-04h
2531,24557,1072733,2022-05-18-05h
2532,24558,1072734,2022-05-18-06h
2533,24559,1072735,2022-05-18-07h
2534,24560,1072736,2022-05-18-08h
2535,24561,1072737,2022-05-18-09h
2536,24562,1072738,2022-05-18-10h
2537,24563,1072739,2022-05-18-11h
2538,24564,1072740,2022-05-18-12h
2539,24565,1072741,2022-05-18-13h
2540,24566,1072742,2022-05-18-14h
2541,24567,1072743,2022-05-18-15h
2542,24568,1072744,2022-05-18-16h
2543,24569,1072745,2022-05-18-17h
2544,24570,1072746,2022-05-18-18h
2545,24571,1072747,2022-05-18-19h
2546,24572,1072748,2022-05-18-20h
2547,24573,1072749,2022-05-18-21h
2548,24574,1072750,2022-05-18-22h
2549,24575,1072751,2022-05-18-23h
2550,24576,1072752,2022-05-19-00h
2551,24577,1072753,2022-05-19-01h
2552,24578,1072754,2022-05-19-02h
2553,24579,1072755,2022-05-19-03h
2554,24580,1072756,2022-05-19-04h
2555,24581,1072757,2022-05-19-05h
2556,24582,1072758,2022-05-19-06h
2557,24583,1072759,2022-05-19-07h
2558,24584,1072760,2022-05-19-08h
2559,24585,1072761,2022-05-19-09h
2560,24586,1072762,2022-05-19-10h
2561,24587,1072763,2022-05-19-11h
2562,24588,1072764,2022-05-19-12h
2563,24589,1072765,2022-05-19-13h
2564,24590,1072766,2022-05-19-14h
2565,24591,1072767,2022-05-19-15h
2566,24660,1072836,2022-05-22-12h
2567,26388,1080396,2023-04-02-12h
2568,26389,1080397,2023-04-02-13h
2569,26390,1080398,2023-04-02-14h
2570,26391,1080399,2023-04-02-15h
2571,26392,1080400,2023-04-02-16h
2572,26487,1080495,2023-04-06-15h
2573,26488,1080496,2023-04-06-16h
2574,26489,1080497,2023-04-06-17h
2575,26490,1080498,2023-04-06-18h
2576,26491,1080499,2023-04-06-19h
2577,26492,1080500,2023-04-06-20h
2578,26493,1080501,2023-04-06-21h
2579,26494,1080502,2023-04-06-22h
2580,26495,1080503,2023-04-06-23h
2581,26496,1080504,2023-04-07-00h
2582,26497,1080505,2023-04-07-01h
2583,26498,1080506,2023-04-07-02h
2584,26499,1080507,2023-04-07-03h
2585,26500,1080508,2023-04-07-04h
2586,26501,1080509,2023-04-07-05h
2587,26502,1080510,2023-04-07-06h
2588,26503,1080511,2023-04-07-07h
2589,26504,1080512,2023-04-07-08h
2590,26505,1080513,2023-04-07-09h
2591,26506,1080514,2023-04-07-10h
2592,26507,1080515,2023-04-07-11h
2593,26508,1080516,2023-04-07-12h
2594,26509,1080517,2023-04-07-13h
2595,26510,1080518,2023-04-07-14h
2596,26511,1080519,2023-04-07-15h
2597,26512,1080520,2023-04-07-16h
2598,26513,1080521,2023-04-07-17h
2599,26514,1080522,2023-04-07-18h
2600,26515,1080523,2023-04-07-19h
2601,26516,1080524,2023-04-07-20h
2602,26517,1080525,2023-04-07-21h
2603,26518,1080526,2023-04-07-22h
2604,26519,1080527,2023-04-07-23h
2605,26520,1080528,2023-04-08-00h
2606,26521,1080529,2023-04-08-01h
2607,26522,1080530,2023-04-08-02h
2608,26523,1080531,2023-04-08-03h
2609,26524,1080532,2023-04-08-04h
2610,26525,1080533,2023-04-08-05h
2611,26526,1080534,2023-04-08-06h
2612,26527,1080535,2023-04-08-07h
2613,26528,1080536,2023-04-08-08h
2614,26529,1080537,2023-04-08-09h
2615,26530,1080538,2023-04-08-10h
2616,26531,1080539,2023-04-08-11h
2617,26532,1080540,2023-04-08-12h
2618,26533,1080541,2023-04-08-13h
2619,26534,1080542,2023-04-08-14h
2620,26535,1080543,2023-04-08-15h
2621,26536,1080544,2023-04-08-16h
2622,26537,1080545,2023-04-08-17h
2623,26538,1080546,2023-04-08-18h
2624,26539,1080547,2023-04-08-19h
2625,26540,1080548,2023-04-08-20h
2626,26541,1080549,2023-04-08-21h
2627,26542,1080550,2023-04-08-22h
2628,26543,1080551,2023-04-08-23h
2629,26544,1080552,2023-04-09-00h
2630,26545,1080553,2023-04-09-01h
2631,26546,1080554,2023-04-09-02h
2632,26834,1080842,2023-04-21-02h
2633,26835,1080843,2023-04-21-03h
2634,26836,1080844,2023-04-21-04h
2635,26837,1080845,2023-04-21-05h
2636,26838,1080846,2023-04-21-06h
2637,26839,1080847,2023-04-21-07h
2638,26840,1080848,2023-04-21-08h
2639,26841,1080849,2023-04-21-09h
2640,26843,1080851,2023-04-21-11h
2641,26844,1080852,2023-04-21-12h
2642,26845,1080853,2023-04-21-13h
2643,26846,1080854,2023-04-21-14h
2644,26847,1080855,2023-04-21-15h
2645,26848,1080856,2023-04-21-16h
2646,26849,1080857,2023-04-21-17h
2647,26850,1080858,2023-04-21-18h
2648,26851,1080859,2023-04-21-19h
2649,26852,1080860,2023-04-21-20h
2650,26853,1080861,2023-04-21-21h
2651,26854,1080862,2023-04-21-22h
2652,26855,1080863,2023-04-21-23h
2653,26856,1080864,2023-04-22-00h
2654,26857,1080865,2023-04-22-01h
2655,26913,1080921,2023-04-24-09h
2656,26914,1080922,2023-04-24-10h
2657,26915,1080923,2023-04-24-11h
2658,26916,1080924,2023-04-24-12h
2659,26917,1080925,2023-04-24-13h
2660,26918,1080926,2023-04-24-14h
2661,26919,1080927,2023-04-24-15h
2662,26920,1080928,2023-04-24-16h
2663,26921,1080929,2023-04-24-17h
2664,26922,1080930,2023-04-24-18h
2665,26923,1080931,2023-04-24-19h
2666,26924,1080932,2023-04-24-20h
2667,26925,1080933,2023-04-24-21h
2668,26948,1080956,2023-04-25-20h
2669,26949,1080957,2023-04-25-21h
2670,26950,1080958,2023-04-25-22h
2671,26951,1080959,2023-04-25-23h
2672,26952,1080960,2023-04-26-00h
2673,26953,1080961,2023-04-26-01h
2674,26954,1080962,2023-04-26-02h
2675,26955,1080963,2023-04-26-03h
2676,26956,1080964,2023-04-26-04h
2677,26957,1080965,2023-04-26-05h
2678,26958,1080966,2023-04-26-06h
2679,26959,1080967,2023-04-26-07h
2680,26960,1080968,2023-04-26-08h
2681,26961,1080969,2023-04-26-09h
2682,26962,1080970,2023-04-26-10h
2683,26963,1080971,2023-04-26-11h
2684,26964,1080972,2023-04-26-12h
2685,26965,1080973,2023-04-26-13h
2686,26966,1080974,2023-04-26-14h
2687,26967,1080975,2023-04-26-15h
2688,26968,1080976,2023-04-26-16h
2689,26969,1080977,2023-04-26-17h
2690,26970,1080978,2023-04-26-18h
2691,26971,1080979,2023-04-26-19h
2692,26972,1080980,2023-04-26-20h
2693,26973,1080981,2023-04-26-21h
2694,26974,1080982,2023-04-26-22h
2695,26975,1080983,2023-04-26-23h
2696,26976,1080984,2023-04-27-00h
2697,26977,1080985,2023-04-27-01h
2698,27040,1081048,2023-04-29-16h
2699,27041,1081049,2023-04-29-17h
2700,27042,1081050,2023-04-29-18h
2701,27043,1081051,2023-04-29-19h
2702,27044,1081052,2023-04-29-20h
2703,27045,1081053,2023-04-29-21h
2704,27046,1081054,2023-04-29-22h
2705,27047,1081055,2023-04-29-23h
2706,27048,1081056,2023-04-30-00h
2707,27049,1081057,2023-04-30-01h
2708,27050,1081058,2023-04-30-02h
2709,27051,1081059,2023-04-30-03h
2710,27052,1081060,2023-04-30-04h
2711,27053,1081061,2023-04-30-05h
2712,27054,1081062,2023-04-30-06h
2713,27055,1081063,2023-04-30-07h
2714,27056,1081064,2023-04-30-08h
2715,27057,1081065,2023-04-30-09h
2716,27058,1081066,2023-04-30-10h
2717,27059,1081067,2023-04-30-11h
2718,27060,1081068,2023-04-30-12h
2719,27061,1081069,2023-04-30-13h
2720,27062,1081070,2023-04-30-14h
2721,27063,1081071,2023-04-30-15h
2722,27064,1081072,2023-04-30-16h
2723,27065,1081073,2023-04-30-17h
2724,27066,1081074,2023-04-30-18h
2725,27067,1081075,2023-04-30-19h
2726,27068,1081076,2023-04-30-20h
2727,27069,1081077,2023-04-30-21h
2728,27070,1081078,2023-04-30-22h
2729,27071,1081079,2023-04-30-23h
2730,27072,1081080,2023-05-01-00h
2731,27073,1081081,2023-05-01-01h
2732,27074,1081082,2023-05-01-02h
2733,27075,1081083,2023-05-01-03h
2734,27076,1081084,2023-05-01-04h
2735,27077,1081085,2023-05-01-05h
2736,27078,1081086,2023-05-01-06h
2737,27079,1081087,2023-05-01-07h
2738,27080,1081088,2023-05-01-08h
2739,27081,1081089,2023-05-01-09h
2740,27082,1081090,2023-05-01-10h
2741,27083,1081091,2023-05-01-11h
2742,27084,1081092,2023-05-01-12h
2743,27085,1081093,2023-05-01-13h
2744,27086,1081094,2023-05-01-14h
2745,27087,1081095,2023-05-01-15h
2746,27088,1081096,2023-05-01-16h
2747,27089,1081097,2023-05-01-17h
2748,27228,1081236,2023-05-07-12h
2749,27229,1081237,2023-05-07-13h
2750,27230,1081238,2023-05-07-14h
2751,27231,1081239,2023-05-07-15h
2752,27232,1081240,2023-05-07-16h
2753,27233,1081241,2023-05-07-17h
2754,27234,1081242,2023-05-07-18h
2755,27235,1081243,2023-05-07-19h
2756,27236,1081244,2023-05-07-20h
2757,27237,1081245,2023-05-07-21h
2758,27238,1081246,2023-05-07-22h
2759,27239,1081247,2023-05-07-23h
2760,27240,1081248,2023-05-08-00h
2761,27241,1081249,2023-05-08-01h
2762,27242,1081250,2023-05-08-02h
2763,27243,1081251,2023-05-08-03h
2764,27244,1081252,2023-05-08-04h
2765,27245,1081253,2023-05-08-05h
2766,27246,1081254,2023-05-08-06h
2767,27247,1081255,2023-05-08-07h
2768,27248,1081256,2023-05-08-08h
2769,27249,1081257,2023-05-08-09h
2770,27250,1081258,2023-05-08-10h
2771,27251,1081259,2023-05-08-11h
2772,27252,1081260,2023-05-08-12h
2773,27253,1081261,2023-05-08-13h
2774,27254,1081262,2023-05-08-14h
2775,27255,1081263,2023-05-08-15h
2776,27256,1081264,2023-05-08-16h
2777,27257,1081265,2023-05-08-17h
2778,27258,1081266,2023-05-08-18h
2779,27259,1081267,2023-05-08-19h
2780,27260,1081268,2023-05-08-20h
2781,27261,1081269,2023-05-08-21h
2782,27262,1081270,2023-05-08-22h
2783,27263,1081271,2023-05-08-23h
2784,27264,1081272,2023-05-09-00h
2785,27265,1081273,2023-05-09-01h
2786,27266,1081274,2023-05-09-02h
2787,27267,1081275,2023-05-09-03h
2788,27268,1081276,2023-05-09-04h
2789,27269,1081277,2023-05-09-05h
2790,27270,1081278,2023-05-09-06h
2791,27271,1081279,2023-05-09-07h
2792,27272,1081280,2023-05-09-08h
2793,27273,1081281,2023-05-09-09h
2794,27274,1081282,2023-05-09-10h
2795,27275,1081283,2023-05-09-11h
2796,27276,1081284,2023-05-09-12h
2797,27277,1081285,2023-05-09-13h
2798,27278,1081286,2023-05-09-14h
2799,27279,1081287,2023-05-09-15h
2800,27280,1081288,2023-05-09-16h
2801,27281,1081289,2023-05-09-17h
2802,27282,1081290,2023-05-09-18h
2803,27283,1081291,2023-05-09-19h
2804,27284,1081292,2023-05-09-20h
2805,27285,1081293,2023-05-09-21h
2806,27286,1081294,2023-05-09-22h
2807,27287,1081295,2023-05-09-23h
2808,27288,1081296,2023-05-10-00h
2809,27592,1081600,2023-05-22-16h
2810,27593,1081601,2023-05-22-17h
2811,27594,1081602,2023-05-22-18h
2812,27595,1081603,2023-05-22-19h
2813,27596,1081604,2023-05-22-20h
2814,27597,1081605,2023-05-22-21h
2815,27598,1081606,2023-05-22-22h
2816,27599,1081607,2023-05-22-23h
2817,27600,1081608,2023-05-23-00h
2818,27601,1081609,2023-05-23-01h
2819,27602,1081610,2023-05-23-02h
2820,27603,1081611,2023-05-23-03h
2821,27604,1081612,2023-05-23-04h
2822,27605,1081613,2023-05-23-05h
2823,27606,1081614,2023-05-23-06h
2824,27607,1081615,2023-05-23-07h
2825,27608,1081616,2023-05-23-08h
2826,27609,1081617,2023-05-23-09h
2827,27610,1081618,2023-05-23-10h
2828,27611,1081619,2023-05-23-11h
2829,27612,1081620,2023-05-23-12h
2830,27613,1081621,2023-05-23-13h
2831,27614,1081622,2023-05-23-14h
2832,27615,1081623,2023-05-23-15h
